ST_NAME,Column,Field,Value
Tamil Nadu,AC_NAME,ALANGUDI,ALANGUDI
Tamil Nadu,AC_NAME,ALANGUDY,ALANGUDI
Tamil Nadu,AC_NAME,ANAICUT,ANAICUT
Tamil Nadu,AC_NAME,ANAIKATTU,ANAICUT
Tamil Nadu,AC_NAME,ANDHIYUR,ANDHIYUR
Tamil Nadu,AC_NAME,ANTHIYUR,ANDHIYUR
Tamil Nadu,AC_NAME,ARAKKONAM,ARAKKONAM
Tamil Nadu,AC_NAME,ARANI,ARANI
Tamil Nadu,AC_NAME,ARANTANGI,ARANTHANGI
Tamil Nadu,AC_NAME,ARANTHANGI,ARANTHANGI
Tamil Nadu,AC_NAME,ARIYAIUR,ARIYALUR
Tamil Nadu,AC_NAME,ARIYALUR,ARIYALUR
Tamil Nadu,AC_NAME,ARKONAM,ARAKKONAM
Tamil Nadu,AC_NAME,ARNI,ARANI
Tamil Nadu,AC_NAME,ARUPPUKKOTTAI,ARUPPUKKOTTAI
Tamil Nadu,AC_NAME,ARUPPUKOTTAI,ARUPPUKKOTTAI
Tamil Nadu,AC_NAME,BODINAYAKANUR,BODINAYAKKANUR
Tamil Nadu,AC_NAME,BODINAYAKKANUR,BODINAYAKKANUR
Tamil Nadu,AC_NAME,CHENGALPATTU,CHENGALPATTU
Tamil Nadu,AC_NAME,CHEPAUK,CHEPAUK
Tamil Nadu,AC_NAME,CHEPAUK-THIRUVALLIKENI,CHEPAUK
Tamil Nadu,AC_NAME,CHINGLEPUT,CHENGALPATTU
Tamil Nadu,AC_NAME,CHINNASALEM,KALLAKURICHI
Tamil Nadu,AC_NAME,COIMBATORE (NORTH),COIMBATORE NORTH
Tamil Nadu,AC_NAME,COIMBATORE (SOUTH),COIMBATORE SOUTH
Tamil Nadu,AC_NAME,COIMBATORE EAST,COIMBATORE SOUTH
Tamil Nadu,AC_NAME,COIMBATORE WEST,COIMBATORE NORTH
Tamil Nadu,AC_NAME,COLACHAL,KOLLACHAL
Tamil Nadu,AC_NAME,COLACHEL,KOLLACHAL
Tamil Nadu,AC_NAME,DHARAMAPURI,DHARMAPURI
Tamil Nadu,AC_NAME,DHARMAPURI,DHARMAPURI
Tamil Nadu,AC_NAME,DR. RADHAKRISHNAN NAGAR,DR. RADHAKRISHNAN NAGAR
Tamil Nadu,AC_NAME,DR.RADHAKRISHNAN NAGAR,DR. RADHAKRISHNAN NAGAR
Tamil Nadu,AC_NAME,EDAPADI,EDAPPADI
Tamil Nadu,AC_NAME,EDAPPADI,EDAPPADI
Tamil Nadu,AC_NAME,GANDARVAKOTTAI,GANDHARVAKOTTAI
Tamil Nadu,AC_NAME,GANDHARVAKOTTAI,GANDHARVAKOTTAI
Tamil Nadu,AC_NAME,GANGAIKODAN,GANGAIKONDAN
Tamil Nadu,AC_NAME,GANGAIKONDAN,GANGAIKONDAN
Tamil Nadu,AC_NAME,GUDIYATHAM,GUDIYATTAM
Tamil Nadu,AC_NAME,GUDIYATTAM,GUDIYATTAM
Tamil Nadu,AC_NAME,GUMMIDIPOONDI,GUMMIDIPOONDI
Tamil Nadu,AC_NAME,GUMMIDIPUNDI,GUMMIDIPOONDI
Tamil Nadu,AC_NAME,KALASAPAKKAM,KALASAPAKKAM
Tamil Nadu,AC_NAME,KALASPAKKAM,KALASAPAKKAM
Tamil Nadu,AC_NAME,KALLAKURICHI,KALLAKURICHI
Tamil Nadu,AC_NAME,KANDAMAGALAM,KANDAMANGALAM
Tamil Nadu,AC_NAME,KANDAMANGALAM,KANDAMANGALAM
Tamil Nadu,AC_NAME,KANNIYAKUMARI,KANNIYAKUMARI
Tamil Nadu,AC_NAME,KANYAKUMARI,KANNIYAKUMARI
Tamil Nadu,AC_NAME,KANYAKURMARI,KANNIYAKUMARI
Tamil Nadu,AC_NAME,KARAIKUDI,KARAIKUDI
Tamil Nadu,AC_NAME,KARAIKUDY,KARAIKUDI
Tamil Nadu,AC_NAME,KAVERIPATNAM,KAVERIPATTINAM
Tamil Nadu,AC_NAME,KAVERIPATTINAM,KAVERIPATTINAM
Tamil Nadu,AC_NAME,KINATHUKADAVU,KINATHUKKADAVU
Tamil Nadu,AC_NAME,KINATHUKKADAVU,KINATHUKKADAVU
Tamil Nadu,AC_NAME,KOILPATTI,KOVILPATTI
Tamil Nadu,AC_NAME,KOVILPATTI,KOVILPATTI
Tamil Nadu,AC_NAME,KRISHNARAJAPURAM,KRISHNARAJAPURAM
Tamil Nadu,AC_NAME,KRISHNARAYAPURAM,KRISHNARAJAPURAM
Tamil Nadu,AC_NAME,KULITALAI,KULITHALAI
Tamil Nadu,AC_NAME,KULITHALAI,KULITHALAI
Tamil Nadu,AC_NAME,KULITTALAI,KULITHALAI
Tamil Nadu,AC_NAME,LUNDURPET,ULUNDURPET
Tamil Nadu,AC_NAME,MADURANTAKAM,MADURANTHAKAM
Tamil Nadu,AC_NAME,MADURANTHAKAM,MADURANTHAKAM
Tamil Nadu,AC_NAME,MANGALORE,MANGALUR
Tamil Nadu,AC_NAME,MANGALUR,MANGALUR
Tamil Nadu,AC_NAME,MAYILADUTHURAI,MAYURAM
Tamil Nadu,AC_NAME,MAYURAM,MAYURAM
Tamil Nadu,AC_NAME,METTUPALAYAM,METTUPPALAYAM
Tamil Nadu,AC_NAME,METTUPPALAYAM,METTUPPALAYAM
Tamil Nadu,AC_NAME,MODAKKURICHI,MODAKKURICHI
Tamil Nadu,AC_NAME,MODAKURICHI,MODAKKURICHI
Tamil Nadu,AC_NAME,MUDHUKULATHUR,MUDHUKULATHUR
Tamil Nadu,AC_NAME,MUDUKULATHUR,MUDHUKULATHUR
Tamil Nadu,AC_NAME,NILAKKOTTAI,NILAKKOTTAI
Tamil Nadu,AC_NAME,NILAKOTTAI,NILAKKOTTAI
Tamil Nadu,AC_NAME,ODDAMCHATRAM,ODDAMCHATRAM
Tamil Nadu,AC_NAME,ODDANCHATRAM,ODDAMCHATRAM
Tamil Nadu,AC_NAME,OOTACAMUND,UDHAGAMANDALAM
Tamil Nadu,AC_NAME,ORATHANAD,ORATHANADU
Tamil Nadu,AC_NAME,ORATHANADU,ORATHANADU
Tamil Nadu,AC_NAME,OTTAPIDARAM,OTTAPIDARAM
Tamil Nadu,AC_NAME,PALACODE,PALACODU
Tamil Nadu,AC_NAME,PALACODU,PALACODU
Tamil Nadu,AC_NAME,PALAYAMCOTTAI,PALAYAMKOTTAI
Tamil Nadu,AC_NAME,PALAYAMKOTTAI,PALAYAMKOTTAI
Tamil Nadu,AC_NAME,PANAMARATHUPATTI,PANAMARATHUPATTI
Tamil Nadu,AC_NAME,PANAMARATHUPATTY,PANAMARATHUPATTI
Tamil Nadu,AC_NAME,PANAMRATHUPATTI,PANAMARATHUPATTI
Tamil Nadu,AC_NAME,PERAMBALUR,PERAMBALUR
Tamil Nadu,AC_NAME,PERAURANI,PERAVURANI
Tamil Nadu,AC_NAME,PERAVURANI,PERAVURANI
Tamil Nadu,AC_NAME,PERIAKULAM,PERIYAKULAM
Tamil Nadu,AC_NAME,PERIYAKULAM,PERIYAKULAM
Tamil Nadu,AC_NAME,PERNAMALLUR,PERAMBALUR
Tamil Nadu,AC_NAME,PERNAMBATTU,PERNAMBATTU
Tamil Nadu,AC_NAME,PERNAMBUT,PERNAMBATTU
Tamil Nadu,AC_NAME,PERUNDURAI,PERUNDURAI
Tamil Nadu,AC_NAME,PERUNIURAI,PERUNDURAI
Tamil Nadu,AC_NAME,POONAMALLEE,POONAMALLEE
Tamil Nadu,AC_NAME,POONMALLAE,POONAMALLEE
Tamil Nadu,AC_NAME,POTTAPIDARAM,OTTAPIDARAM
Tamil Nadu,AC_NAME,RISHIVADIYAM,RISHIVADIYAM
Tamil Nadu,AC_NAME,RISHIVADIYAM,RISHIVANDIYAM
Tamil Nadu,AC_NAME,RISHIVANDIAM,RISHIVADIYAM
Tamil Nadu,AC_NAME,RISHIVANDIAM,RISHIVANDIYAM
Tamil Nadu,AC_NAME,RISHIVANDIYAM,RISHIVADIYAM
Tamil Nadu,AC_NAME,RISHIVANDIYAM,RISHIVANDIYAM
Tamil Nadu,AC_NAME,SALEM I,SALEM-I
Tamil Nadu,AC_NAME,SALEM I I,SALEM-II
Tamil Nadu,AC_NAME,SALEM-I,SALEM-I
Tamil Nadu,AC_NAME,SALEM-II,SALEM-II
Tamil Nadu,AC_NAME,SANKARANAYANARKOIL,SANKARANKOVIL
Tamil Nadu,AC_NAME,SANKARANKOIL,SANKARANKOVIL
Tamil Nadu,AC_NAME,SANKARANKOVIL,SANKARANKOVIL
Tamil Nadu,AC_NAME,SATHYAMANGALAM,SATHYAMANGALAM
Tamil Nadu,AC_NAME,SATYAMANGALAM,SATHYAMANGALAM
Tamil Nadu,AC_NAME,SENDAMANGALAM,SENTHAMANGALAM
Tamil Nadu,AC_NAME,SENTHAMANGALAM,SENTHAMANGALAM
Tamil Nadu,AC_NAME,SHOKINGHUR,SHOLINGHUR
Tamil Nadu,AC_NAME,SHOLINGHUR,SHOLINGHUR
Tamil Nadu,AC_NAME,SHOLINGHUR,SHOLINGHUR
Tamil Nadu,AC_NAME,SHOLINGHUR,SHOLINGUR
Tamil Nadu,AC_NAME,SHOLINGUR,SHOLINGHUR
Tamil Nadu,AC_NAME,SHOLINGUR,SHOLINGUR
Tamil Nadu,AC_NAME,SIRKALI,SIRKAZHI
Tamil Nadu,AC_NAME,SIRKAZHI,SIRKAZHI
Tamil Nadu,AC_NAME,SRIVAIKUNTAM,SRIVAIKUNTAM
Tamil Nadu,AC_NAME,SRIVAIKUNTAR,SRIVAIKUNTAM
Tamil Nadu,AC_NAME,THANDARAMBATTU,THANDARAMBATTU
Tamil Nadu,AC_NAME,THANDRAMBA,THANDARAMBATTU
Tamil Nadu,AC_NAME,THANDRAMBATTU,THANDARAMBATTU
Tamil Nadu,AC_NAME,THEAGARAYA NAGAR,T-NAGAR
Tamil Nadu,AC_NAME,THIAGARAYANAGAR,T-NAGAR
Tamil Nadu,AC_NAME,THIAGARAYANAGAR,T-NAGAR
Tamil Nadu,AC_NAME,THIRUMAIYAM,THIRUMAIYAM
Tamil Nadu,AC_NAME,THIRUMAYAM,THIRUMAIYAM
Tamil Nadu,AC_NAME,THIRUPARANKUNDRAM,THIRUPPARANKUNDRAM
Tamil Nadu,AC_NAME,THIRUPORUR,THIRUPORUR
Tamil Nadu,AC_NAME,THIRUPPARANKUNDRAM,THIRUPPARANKUNDRAM
Tamil Nadu,AC_NAME,THIRUTHURAIPOONDI,THIRUTHURAIPOONDI
Tamil Nadu,AC_NAME,THIRUTHURAIPUNDI,THIRUTHURAIPOONDI
Tamil Nadu,AC_NAME,THIRUTHURAIPUNDI,THIRUTHURAIPUNDI
Tamil Nadu,AC_NAME,THIRUVAIYARU,THIRUVAIYARU
Tamil Nadu,AC_NAME,THIRUVALLUR,THIRUVALLUR
Tamil Nadu,AC_NAME,THIRUVARAMBUR,THIRUVERAMBUR
Tamil Nadu,AC_NAME,THIRUVARUR,THIRUVARUR
Tamil Nadu,AC_NAME,THIRUVATTAR,THIRUVATTAR
Tamil Nadu,AC_NAME,THIRUVERAMBUR,THIRUVERAMBUR
Tamil Nadu,AC_NAME,THIRUVERAMBUR,THIRUVERUMBUR
Tamil Nadu,AC_NAME,THIRUVIDAIMARUDUR,THIRUVIDAIMARUDUR
Tamil Nadu,AC_NAME,THIRUVIDAMARUDUR,THIRUVIDAIMARUDUR
Tamil Nadu,AC_NAME,THIRUVOTTIYUR,THIRUVOTTIYUR
Tamil Nadu,AC_NAME,THIYAGARAYANAGAR,T-NAGAR
Tamil Nadu,AC_NAME,THOTTIAM,THOTTIYAM
Tamil Nadu,AC_NAME,THOTTIYAM,THOTTIYAM
Tamil Nadu,AC_NAME,THOUSAND LIGHTS,THOUSAND LIGHTS
Tamil Nadu,AC_NAME,THOUSANDLIGHTS,THOUSAND LIGHTS
Tamil Nadu,AC_NAME,TIRUCHENGODE,TIRUCHENGODU
Tamil Nadu,AC_NAME,TIRUCHENGODU,TIRUCHENGODU
Tamil Nadu,AC_NAME,TIRUCHIRAPALLI-I,TIRUCHIRAPALLI-I
Tamil Nadu,AC_NAME,TIRUCHIRAPALLI-II,TIRUCHIRAPALLI-II
Tamil Nadu,AC_NAME,TIRUCHIRAPPALLI I,TIRUCHIRAPALLI-I
Tamil Nadu,AC_NAME,TIRUCHIRAPPALLI I I,TIRUCHIRAPALLI-II
Tamil Nadu,AC_NAME,TIRUCHIRAPPALLI-I,TIRUCHIRAPALLI-I
Tamil Nadu,AC_NAME,TIRUCHIRAPPALLI-II,TIRUCHIRAPALLI-II
Tamil Nadu,AC_NAME,TIRUKKOILUR,TIRUKKOILUR
Tamil Nadu,AC_NAME,TIRUKKOILUR,TIRUKKOYILUR
Tamil Nadu,AC_NAME,TIRUKKOYILUR,TIRUKKOYILUR
Tamil Nadu,AC_NAME,TIRUKOILUR,TIRUKKOILUR
Tamil Nadu,AC_NAME,TIRUPATTUR,TIRUPPATTUR
Tamil Nadu,AC_NAME,TIRUPORUR,TIRUPPORUR
Tamil Nadu,AC_NAME,TIRUPPARANKUNDRAM,THIRUPPARANKUNDRAM
Tamil Nadu,AC_NAME,TIRUPPATTUR,TIRUPPATTUR
Tamil Nadu,AC_NAME,TIRUPPORUR,THIRUPORUR
Tamil Nadu,AC_NAME,TIRUPPORUR,TIRUPPORUR
Tamil Nadu,AC_NAME,TIRUTHURAIPUNDI,THIRUTHURAIPUNDI
Tamil Nadu,AC_NAME,TIRUVAIYARU,THIRUVAIYARU
Tamil Nadu,AC_NAME,TIRUVALLUR,THIRUVALLUR
Tamil Nadu,AC_NAME,TIRUVARUR,THIRUVARUR
Tamil Nadu,AC_NAME,TIRUVATTAR,THIRUVATTAR
Tamil Nadu,AC_NAME,TIRUVOTRIYUR,THIRUVOTTIYUR
Tamil Nadu,AC_NAME,UDHAGAMANDALAM,UDHAGAMANDALAM
Tamil Nadu,AC_NAME,UDUMALAIPETTAI,UDUMALPET
Tamil Nadu,AC_NAME,UDUMALPET,UDUMALPET
Tamil Nadu,AC_NAME,ULUNDURPET,ULUNDURPET
Tamil Nadu,AC_NAME,ULUNDURPETTAI,ULUNDURPET
Tamil Nadu,AC_NAME,UPPILIAPURAM,UPPILIAPURAM
Tamil Nadu,AC_NAME,UPPILIYAPURAM,UPPILIAPURAM
Tamil Nadu,AC_NAME,UTHANGARAI,UTHANGARAI
Tamil Nadu,AC_NAME,UTTANGARAI,UTHANGARAI
Tamil Nadu,AC_NAME,VANDAVASHI,VANDAVASI
Tamil Nadu,AC_NAME,VANDAVASI,VANDAVASI
Tamil Nadu,AC_NAME,VANDAVASI,VANDAVASI
Tamil Nadu,AC_NAME,VANIAYAMBADI,VANIYAMBADI
Tamil Nadu,AC_NAME,VANIYAMBADI,VANIYAMBADI
Tamil Nadu,AC_NAME,VEERAPANDI,VEERAPANDI
Tamil Nadu,AC_NAME,VEERAPANDY,VEERAPANDI
Tamil Nadu,AC_NAME,VIRUDHUNAGAR,VIRUDHUNAGAR
Tamil Nadu,AC_NAME,VIRUDUNAGAR,VIRUDHUNAGAR
Tamil Nadu,AC_NAME,VRIDDHACHALAM,VRIDHACHALAM
Tamil Nadu,AC_NAME,VRIDHACHALAM,VRIDHACHALAM
Tamil Nadu,AC_NAME,WANDIWASH,VANDAVASI
Tamil Nadu,PARTY,ADK,ADMK
Tamil Nadu,PARTY,ADMK,ADMK
Tamil Nadu,PARTY,AIADMK,ADMK
Tamil Nadu,PARTY,CPI(M),CPM
Tamil Nadu,PARTY,INC(I),INC
Tamil Nadu,PARTY,JNP,JNP
Tamil Nadu,PARTY,JNP(JP),JNP
Tamil Nadu,PARTY,MADMK,MDMK
Tamil Nadu,PARTY,MAMAK,MDMK
Tamil Nadu,PARTY,MDMK,MDMK
Karnataka,AC_NAME,AFZALPUR,AFZALPUR
Karnataka,AC_NAME,ALAND,ALAND
Karnataka,AC_NAME,ALLAND,ALAND
Karnataka,AC_NAME,ANEKAL,ANEKAL
Karnataka,AC_NAME,ANKOLA,ANKOLA
Karnataka,AC_NAME,ARABHAVI,ARBHAVI
Karnataka,AC_NAME,ARBHAVI,ARBHAVI
Karnataka,AC_NAME,ARKALGUD,ARKALGUD
Karnataka,AC_NAME,ARSIKERE,ARSIKERE
Karnataka,AC_NAME,ATHANI,ATHANI
Karnataka,AC_NAME,ATHNI,ATHANI
Karnataka,AC_NAME,AURAD,AURAD
Karnataka,AC_NAME,B.T.M LAYOUT,B.T.M LAYOUT
Karnataka,AC_NAME,B.T.M. LAYOUT,B.T.M LAYOUT
Karnataka,AC_NAME,BABALESHWAR,BABALESHWAR
Karnataka,AC_NAME,BADAMI,BADAMI
Karnataka,AC_NAME,BAGALKOT,BAGALKOT
Karnataka,AC_NAME,BAGEPALLI,BAGEPALLI
Karnataka,AC_NAME,BAGEWADI,BAGEWADI
Karnataka,AC_NAME,BAILHONGAL,BAILHONGAL
Karnataka,AC_NAME,BAINDUR,BAINDUR
Karnataka,AC_NAME,BALLOLLI,BALLOLLI
Karnataka,AC_NAME,BANGALORE NORTH,BANGALORE NORTH
Karnataka,AC_NAME,BANGALORE SOUTH,BANGALORE SOUTH
Karnataka,AC_NAME,BANGARAPET,BANGARAPET
Karnataka,AC_NAME,BANGARPET,BANGARPET
Karnataka,AC_NAME,BANNUR,BANNUR
Karnataka,AC_NAME,BANTVAL,BANTVAL
Karnataka,AC_NAME,BANTWAL,BANTVAL
Karnataka,AC_NAME,BARADOL,BARADOL
Karnataka,AC_NAME,BASAVA KALYAN,BASAVAKALYAN
Karnataka,AC_NAME,BASAVAKALYAN,BASAVAKALYAN
Karnataka,AC_NAME,BASAVANA BAGEVADI,BASAVANA BAGEVADI
Karnataka,AC_NAME,BASAVANA-BAGEWADI,BASAVANA BAGEVADI
Karnataka,AC_NAME,BASAVANAGUDI,BASAVANAGUDI
Karnataka,AC_NAME,BASAVANGUDI,BASAVANAGUDI
Karnataka,AC_NAME,BASAVANGUNI,BASAVANAGUDI
Karnataka,AC_NAME,BELGAUM,BELGAUM
Karnataka,AC_NAME,BELGAUM CITY,BELGAUM CITY
Karnataka,AC_NAME,BELGAUM DAKSHIN,BELGAUM DAKSHIN
Karnataka,AC_NAME,BELGAUM I,BELGAUM I
Karnataka,AC_NAME,BELGAUM I I,BELGAUM I I
Karnataka,AC_NAME,BELGAUM II,BELGAUM I I
Karnataka,AC_NAME,BELGAUM RURAL,BELGAUM RURAL
Karnataka,AC_NAME,BELGAUM UTTAR,BELGAUM UTTAR
Karnataka,AC_NAME,BELLARY,BELLARY
Karnataka,AC_NAME,BELLARY CITY,BELLARY CITY
Karnataka,AC_NAME,BELLAVI,BELLAVI
Karnataka,AC_NAME,BELTHANGADY,BELTHANGADY
Karnataka,AC_NAME,BELUR,BELUR
Karnataka,AC_NAME,BETHAMANGALA,BETHAMANGALA
Karnataka,AC_NAME,BHADRAVATHI,BHADRAVATHI
Karnataka,AC_NAME,BHADRAVATI,BHADRAVATHI
Karnataka,AC_NAME,BHALKI,BHALKI
Karnataka,AC_NAME,BHARAMASAGARA,BHARMASAGARA
Karnataka,AC_NAME,BHARATHINAGAR,BHARATHINAGAR
Karnataka,AC_NAME,BHARATHYNAGAR,BHARATHINAGAR
Karnataka,AC_NAME,BHARMASAGARA,BHARMASAGARA
Karnataka,AC_NAME,BHATKAL,BHATKAL
Karnataka,AC_NAME,BIDAR,BIDAR
Karnataka,AC_NAME,BIDAR SOUTH,BIDAR SOUTH
Karnataka,AC_NAME,BIJAPUR,BIJAPUR
Karnataka,AC_NAME,BIJAPUR CITY,BIJAPUR CITY
Karnataka,AC_NAME,BILGI,BILGI
Karnataka,AC_NAME,BILIGERE,BILIGERE
Karnataka,AC_NAME,BINNYPET,BINNYPET
Karnataka,AC_NAME,BIRUR,BIRUR
Karnataka,AC_NAME,BOMMANAHALLI,BOMMANAHALLI
Karnataka,AC_NAME,BRAHAMAVAR,BRAHMAVAR
Karnataka,AC_NAME,BRAHMAVAR,BRAHMAVAR
Karnataka,AC_NAME,BRAHMAWAR,BRAHMAVAR
Karnataka,AC_NAME,BROADWAY,BROADWAY
Karnataka,AC_NAME,BUNTWAL,BANTVAL
Karnataka,AC_NAME,BYADGI,BYADGI
Karnataka,AC_NAME,BYATARAYANAPURA,BYATARAYANAPURA
Karnataka,AC_NAME,BYNDOOR,BAINDUR
Karnataka,AC_NAME,C.V. RAMAN NAGAR,C.V. RAMAN NAGAR
Karnataka,AC_NAME,CHALLAKERE,CHALLAKERE
Karnataka,AC_NAME,CHAM RAJAPET,CHAMARAJPET
Karnataka,AC_NAME,CHAMARAJA,CHAMARAJA
Karnataka,AC_NAME,CHAMARAJANAGAR,CHAMARAJANAGAR
Karnataka,AC_NAME,CHAMARAJAPET,CHAMARAJPET
Karnataka,AC_NAME,CHAMARAJPET,CHAMARAJPET
Karnataka,AC_NAME,CHAMRAJPET,CHAMARAJPET
Karnataka,AC_NAME,CHAMUNDESHWARI,CHAMUNDESHWARI
Karnataka,AC_NAME,CHAMUNDESWARI,CHAMUNDESHWARI
Karnataka,AC_NAME,CHANDRASEKHARAPURA,CHANDRASEKHARAPURA
Karnataka,AC_NAME,CHANNAGIRI,CHANNAGIRI
Karnataka,AC_NAME,CHANNAPATNA,CHANNAPATNA
Karnataka,AC_NAME,CHENNAGIRI,CHANNAGIRI
Karnataka,AC_NAME,CHICKPET,CHICKPET
Karnataka,AC_NAME,CHICNAYAKANAHALLI,CHIKNAYAKANHALLI
Karnataka,AC_NAME,CHIKAMAGALUR,CHIKMAGALUR
Karnataka,AC_NAME,CHIKBALLAPUR,CHIKBALLAPUR
Karnataka,AC_NAME,CHIKKABALLAPUR,CHIKBALLAPUR
Karnataka,AC_NAME,CHIKKODI,CHIKKODI
Karnataka,AC_NAME,CHIKKODI-SADALGA,CHIKKODI-SADALGA
Karnataka,AC_NAME,CHIKMAGALUR,CHIKMAGALUR
Karnataka,AC_NAME,CHIKNAIKANAHALLI,CHIKNAYAKANHALLI
Karnataka,AC_NAME,CHIKNAYAKANAHALLI,CHIKNAYAKANHALLI
Karnataka,AC_NAME,CHIKNAYAKANHALLI,CHIKNAYAKANHALLI
Karnataka,AC_NAME,CHIKODI,CHIKKODI
Karnataka,AC_NAME,CHIKPET,CHICKPET
Karnataka,AC_NAME,CHINCHOLI,CHINCHOLI
Karnataka,AC_NAME,CHINTAMANI,CHINTAMANI
Karnataka,AC_NAME,CHITALDRUG,CHITRADURGA
Karnataka,AC_NAME,CHITAPUR,CHITTAPUR
Karnataka,AC_NAME,CHITRADURGA,CHITRADURGA
Karnataka,AC_NAME,CHITTAPUR,CHITTAPUR
Karnataka,AC_NAME,COONDAPUR,KUNDAPURA
Karnataka,AC_NAME,CUBBONPET,CUBBONPET
Karnataka,AC_NAME,DASARAHALLI,DASARAHALLI
Karnataka,AC_NAME,DAVANAGERE NORTH,DAVANAGERE NORTH
Karnataka,AC_NAME,DAVANAGERE SOUTH,DAVANAGERE SOUTH
Karnataka,AC_NAME,DAVANGERE,DAVANGERE
Karnataka,AC_NAME,DEODURG,DEODURG
Karnataka,AC_NAME,DEVADURGA,DEVADURGA
Karnataka,AC_NAME,DEVANAHALLI,DEVANAHALLI
Karnataka,AC_NAME,DEVAR HIPPARGI,DEVAR HIPPARGI
Karnataka,AC_NAME,DHARWAD,DHARWAD
Karnataka,AC_NAME,DHARWAD RURAL,DHARWAD RURAL
Karnataka,AC_NAME,DHARWAR,DHARWAD
Karnataka,AC_NAME,DHARWAR RURAL,DHARWAD RURAL
Karnataka,AC_NAME,DOD BALLAPUR,DODDABALLAPUR
Karnataka,AC_NAME,DODABALLAPUR,DODDABALLAPUR
Karnataka,AC_NAME,DODDABALLAPUR,DODDABALLAPUR
Karnataka,AC_NAME,DODDABALLAPURA,DODDABALLAPUR
Karnataka,AC_NAME,FORT,FORT
Karnataka,AC_NAME,GADAG,GADAG
Karnataka,AC_NAME,GANDASI,GANDASI
Karnataka,AC_NAME,GANDHI NAGAR,GANDHI NAGAR
Karnataka,AC_NAME,GANDHINAGAR,GANDHI NAGAR
Karnataka,AC_NAME,GANDSI,GANDASI
Karnataka,AC_NAME,GANGAVATHI,GANGAVATHI
Karnataka,AC_NAME,GANGAVATI,GANGAVATHI
Karnataka,AC_NAME,GANGAVATTI,GANGAVATHI
Karnataka,AC_NAME,GANGAWATI,GANGAVATHI
Karnataka,AC_NAME,GAURIBIDANUR,GAURIBIDANUR
Karnataka,AC_NAME,GHANDHI NAGAR,GANDHI NAGAR
Karnataka,AC_NAME,GOKAK,GOKAK
Karnataka,AC_NAME,GOKAK I,GOKAK I
Karnataka,AC_NAME,GOKAK I I,GOKAK II
Karnataka,AC_NAME,GOKAK II,GOKAK II
Karnataka,AC_NAME,GOVINDRAJ NAGAR,GOVINDRAJ NAGAR
Karnataka,AC_NAME,GOWRIBIDANUR,GAURIBIDANUR
Karnataka,AC_NAME,GUBBI,GUBBI
Karnataka,AC_NAME,GULBARGA,GULBARGA
Karnataka,AC_NAME,GULBARGA DAKSHIN,GULBARGA DAKSHIN
Karnataka,AC_NAME,GULBARGA RURAL,GULBARGA RURAL
Karnataka,AC_NAME,GULBARGA UTTAR,GULBARGA UTTAR
Karnataka,AC_NAME,GULEDGUD,GULEDGUD
Karnataka,AC_NAME,GULEDGUU,GULEDGUD
Karnataka,AC_NAME,GULUR,GULUR
Karnataka,AC_NAME,GUNDLUPET,GUNDLUPET
Karnataka,AC_NAME,GURMITKAL,GURMITKAL
Karnataka,AC_NAME,GURUMITKAL,GURMITKAL
Karnataka,AC_NAME,HADAGALLI,HADAGALLI
Karnataka,AC_NAME,HAGARIBOMMANAHALLI,HAGARIBOMMANAHALLI
Karnataka,AC_NAME,HALIYAL,HALIYAL
Karnataka,AC_NAME,HANAGAL,HANGAL
Karnataka,AC_NAME,HANGAL,HANGAL
Karnataka,AC_NAME,HANUR,HANUR
Karnataka,AC_NAME,HARAPANAHALLI,HARPANAHALLI
Karnataka,AC_NAME,HARIHAR,HARIHAR
Karnataka,AC_NAME,HARPANAHALLI,HARPANAHALLI
Karnataka,AC_NAME,HASSAN,HASSAN
Karnataka,AC_NAME,HAVERI,HAVERI
Karnataka,AC_NAME,HEBBAL,HEBBAL
Karnataka,AC_NAME,HEBBUR,HEBBUR
Karnataka,AC_NAME,HEGGADADEVANAKOTE,HEGGADADEVANKOTE
Karnataka,AC_NAME,HEGGADADEVANKOTE,HEGGADADEVANKOTE
Karnataka,AC_NAME,HIREKERUP,HIREKERUR
Karnataka,AC_NAME,HIREKERUR,HIREKERUR
Karnataka,AC_NAME,HIRIYUR,HIRIYUR
Karnataka,AC_NAME,HOLALKERE,HOLALKERE
Karnataka,AC_NAME,HOLEHONNUR,HOLEHONNUR
Karnataka,AC_NAME,HOLENARASIPUR,HOLENARASIPUR
Karnataka,AC_NAME,HOLENARSIPUR,HOLENARASIPUR
Karnataka,AC_NAME,HOMNABAD,HOMNABAD
Karnataka,AC_NAME,HONAWAR,HONAWAR
Karnataka,AC_NAME,HONNALI,HONNALI
Karnataka,AC_NAME,HOSADURGA,HOSADURGA
Karnataka,AC_NAME,HOSAKOTE,HOSAKOTE
Karnataka,AC_NAME,HOSANAGAR,HOSANNAGAR
Karnataka,AC_NAME,HOSANNAGAR,HOSANNAGAR
Karnataka,AC_NAME,HOSDURGA,HOSDURGA
Karnataka,AC_NAME,HOSKOTE,HOSKOTE
Karnataka,AC_NAME,HOSPET,HOSPET
Karnataka,AC_NAME,HUBLI,HUBLI
Karnataka,AC_NAME,HUBLI CITY,HUBLI CITY
Karnataka,AC_NAME,HUBLI RURAL,HUBLI RURAL
Karnataka,AC_NAME,HUBLI-DHARWAD- WEST,HUBLI-DHARWAD-WEST
Karnataka,AC_NAME,HUBLI-DHARWAD-CENTRAL,HUBLI-DHARWAD-CENTRAL
Karnataka,AC_NAME,HUBLI-DHARWAD-EAST,HUBLI-DHARWAD-EAST
Karnataka,AC_NAME,HUBLI-DHARWAD-WEST,HUBLI-DHARWAD-WEST
Karnataka,AC_NAME,HUGUND,HUGUND
Karnataka,AC_NAME,HUKERI,HUKKERI
Karnataka,AC_NAME,HUKKERI,HUKKERI
Karnataka,AC_NAME,HULIYURDURGA,HULIYURDURGA
Karnataka,AC_NAME,HULSOOR,HULSOOR
Karnataka,AC_NAME,HULSUR,HULSOOR
Karnataka,AC_NAME,HUMNABAD,HUMNABAD
Karnataka,AC_NAME,HUNGUND,HUNGUND
Karnataka,AC_NAME,HUNSUR,HUNSUR
Karnataka,AC_NAME,HUVINAHIPPARAGI,HUVIN-HIPPARGI
Karnataka,AC_NAME,HUVINHIPPARGI,HUVIN-HIPPARGI
Karnataka,AC_NAME,HUVIN-HIPPARGI,HUVIN-HIPPARGI
Karnataka,AC_NAME,INDI,INDI
Karnataka,AC_NAME,INHI,INDI
Karnataka,AC_NAME,JAGALUR,JAGALUR
Karnataka,AC_NAME,JAMKHANDI,JAMKHANDI
Karnataka,AC_NAME,JAYAMAHAL,JAYAMAHAL
Karnataka,AC_NAME,JAYANAGAR,JAYANAGAR
Karnataka,AC_NAME,JEVARGI,JEVARGI
Karnataka,AC_NAME,JEWARGI,JEVARGI
Karnataka,AC_NAME,K.R. PURA,K.R.PURA
Karnataka,AC_NAME,K.R.PURA,K.R.PURA
Karnataka,AC_NAME,KADUR,KADUR
Karnataka,AC_NAME,KAGAWAD,KAGWAD
Karnataka,AC_NAME,KAGWAD,KAGWAD
Karnataka,AC_NAME,KALGHATGI,KALGHATGI
Karnataka,AC_NAME,KALGI,KALGI
Karnataka,AC_NAME,KALLAMBALLA,KALLAMBALLA
Karnataka,AC_NAME,KALLAMBELLA,KALLAMBALLA
Karnataka,AC_NAME,KALMALA,KALMALA
Karnataka,AC_NAME,KALYANI,KALYANI
Karnataka,AC_NAME,KAMALAPUR,KAMALAPUR
Karnataka,AC_NAME,KAMPLI,KAMPLI
Karnataka,AC_NAME,KANAKAGIRI,KANAKAGIRI
Karnataka,AC_NAME,KANAKAPURA,KANAKAPURA
Karnataka,AC_NAME,KAPU,KAUP
Karnataka,AC_NAME,KARKAL,KARKAL
Karnataka,AC_NAME,KARWAR,KARWAR
Karnataka,AC_NAME,KAUP,KAUP
Karnataka,AC_NAME,KERAGODU,KERAGODU
Karnataka,AC_NAME,KHANAPUR,KHANAPUR
Karnataka,AC_NAME,KIRAGAVAL,KIRUGAVALU
Karnataka,AC_NAME,KIRUGAVALU,KIRUGAVALU
Karnataka,AC_NAME,KITTUR,KITTUR
Karnataka,AC_NAME,KOLAR,KOLAR
Karnataka,AC_NAME,KOLAR GOLD FIELD,KOLAR GOLD FIELDS
Karnataka,AC_NAME,KOLAR GOLD FIELDS,KOLAR GOLD FIELDS
Karnataka,AC_NAME,KOLLEGAL,KOLLEGAL
Karnataka,AC_NAME,KOPPAL,KOPPAL
Karnataka,AC_NAME,KORATAGERE,KORATAGERE
Karnataka,AC_NAME,KOTTUR,KOTTUR
Karnataka,AC_NAME,KRISHNAARAJPET,KRISHNARAJAPET
Karnataka,AC_NAME,KRISHNARAJ,KRISHNARAJA
Karnataka,AC_NAME,KRISHNARAJA,KRISHNARAJA
Karnataka,AC_NAME,KRISHNARAJANAGAR,KRISHNARAJANAGAR
Karnataka,AC_NAME,KRISHNARAJANAGARA,KRISHNARAJANAGAR
Karnataka,AC_NAME,KRISHNARAJAPET,KRISHNARAJAPET
Karnataka,AC_NAME,KRISHNARAJNAGAR,KRISHNARAJANAGAR
Karnataka,AC_NAME,KRISHNARAJPET,KRISHNARAJAPET
Karnataka,AC_NAME,KUDACHI,KUDACHI
Karnataka,AC_NAME,KUDLIGI,KUDLIGI
Karnataka,AC_NAME,KUDUR,KUDUR
Karnataka,AC_NAME,KUMTA,KUMTA
Karnataka,AC_NAME,KUNDAPURA,KUNDAPURA
Karnataka,AC_NAME,KUNDGOL,KUNDGOL
Karnataka,AC_NAME,KUNIGAL,KUNIGAL
Karnataka,AC_NAME,KUNTA,KUMTA
Karnataka,AC_NAME,KURUGODU,KURUGODU
Karnataka,AC_NAME,KUSHTAGI,KUSHTAGI
Karnataka,AC_NAME,LINGSUGUR,LINGSUGUR
Karnataka,AC_NAME,MADDUR,MADDUR
Karnataka,AC_NAME,MADHUGIRI,MADHUGIRI
Karnataka,AC_NAME,MADIKERE,MADIKERI
Karnataka,AC_NAME,MADIKERI,MADIKERI
Karnataka,AC_NAME,MAGADI,MAGADI
Karnataka,AC_NAME,MAHADEVAPURA,MAHADEVAPURA
Karnataka,AC_NAME,MAHALAKSHMI LAYOUT,MAHALAKSHMI LAYOUT
Karnataka,AC_NAME,MALAVALLI,MALAVALLI
Karnataka,AC_NAME,MALLESHWARAM,MALLESHWARAM
Karnataka,AC_NAME,MALLESWARAM,MALLESHWARAM
Karnataka,AC_NAME,MALUR,MALUR
Karnataka,AC_NAME,MANDYA,MANDYA
Karnataka,AC_NAME,MANGALORE,MANGALORE
Karnataka,AC_NAME,MANGALORE CITY NORTH,MANGALORE CITY NORTH
Karnataka,AC_NAME,MANGALORE CITY SOUTH,MANGALORE CITY SOUTH
Karnataka,AC_NAME,MANGALORE I,MANGALORE I
Karnataka,AC_NAME,MANGALORE I I,MANGALORE II
Karnataka,AC_NAME,MANGALORE II,MANGALORE II
Karnataka,AC_NAME,MANVI,MANVI
Karnataka,AC_NAME,MASKI,MASKI
Karnataka,AC_NAME,MAYAKONDA,MAYAKONDA
Karnataka,AC_NAME,MELUKOTE,MELUKOTE
Karnataka,AC_NAME,MERCARA,MERCARA
Karnataka,AC_NAME,MOLAKALMURU,MOLAKALMURU
Karnataka,AC_NAME,MOODABIDRI,MOODABIDRI
Karnataka,AC_NAME,MUDABIDRI,MOODABIDRI
Karnataka,AC_NAME,MUDDEBIHAL,MUDDEBIHAL
Karnataka,AC_NAME,MUDHOL,MUDHOL
Karnataka,AC_NAME,MUDIGERE,MUDIGERE
Karnataka,AC_NAME,MULBAGAL,MULBAGAL
Karnataka,AC_NAME,MUNDARGI,MUNDARGI
Karnataka,AC_NAME,MYSORE,MYSORE
Karnataka,AC_NAME,MYSORE CITY,MYSORE CITY
Karnataka,AC_NAME,MYSORE CITY NORTH,MYSORE CITY NORTH
Karnataka,AC_NAME,NAGAMANGALA,NAGAMANGALA
Karnataka,AC_NAME,NAGTHAN,NAGTHAN
Karnataka,AC_NAME,NANJANGUD,NANJANGUD
Karnataka,AC_NAME,NARAGUND,NARGUND
Karnataka,AC_NAME,NARASIMHARAJA,NARASIMHARAJA
Karnataka,AC_NAME,NARGUND,NARGUND
Karnataka,AC_NAME,NAVALGUND,NAVALGUND
Karnataka,AC_NAME,NELAMANGALA,NELAMANGALA
Karnataka,AC_NAME,NIPANI,NIPPANI
Karnataka,AC_NAME,NIPPANI,NIPPANI
Karnataka,AC_NAME,PADMANABA NAGAR,PADMANABA NAGAR
Karnataka,AC_NAME,PALAIYAM,PALAIYAM
Karnataka,AC_NAME,PALYA,PALYA
Karnataka,AC_NAME,PANDAVAPURA,PANDAVAPURA
Karnataka,AC_NAME,PANEMANGALORE,PANEMANGALORE
Karnataka,AC_NAME,PARASAGAD,PARASGAD
Karnataka,AC_NAME,PARASGAD,PARASGAD
Karnataka,AC_NAME,PAVAGADA,PAVAGADA
Karnataka,AC_NAME,PERIYAPATNA,PERIYAPATNA
Karnataka,AC_NAME,PIRIYAPATNA,PERIYAPATNA
Karnataka,AC_NAME,PULAKESHINAGAR,PULAKESHINAGAR
Karnataka,AC_NAME,PUTTUR,PUTTUR
Karnataka,AC_NAME,RAIBAG,RAIBAG
Karnataka,AC_NAME,RAICHUR,RAICHUR
Karnataka,AC_NAME,RAICHUR RURAL,RAICHUR RURAL
Karnataka,AC_NAME,RAJAJI NAGAR,RAJAJI NAGAR
Karnataka,AC_NAME,RAJAJINAGAR,RAJAJI NAGAR
Karnataka,AC_NAME,RAJARAJESHWARINAGAR,RAJARAJESHWARINAGAR
Karnataka,AC_NAME,RAMADURG,RAMDURG
Karnataka,AC_NAME,RAMANAGARAM,RAMANAGARAM
Karnataka,AC_NAME,RAMDURG,RAMDURG
Karnataka,AC_NAME,RANEBENNUR,RANIBENNUR
Karnataka,AC_NAME,RANIBENNUR,RANIBENNUR
Karnataka,AC_NAME,RAYBAG,RAIBAG
Karnataka,AC_NAME,ROBERTSONPET,ROBERTSONPET
Karnataka,AC_NAME,RON,RON
Karnataka,AC_NAME,SADALGA,SADALGA
Karnataka,AC_NAME,SAGAR,SAGAR
Karnataka,AC_NAME,SAKLESHPUR,SAKLESHPUR
Karnataka,AC_NAME,SAMPAGAON I,SAMPAGAON I
Karnataka,AC_NAME,SAMPAGAON I I,SAMPGAON II
Karnataka,AC_NAME,SAMPGAON I,SAMPAGAON I
Karnataka,AC_NAME,SAMPGAON II,SAMPGAON II
Karnataka,AC_NAME,SANDUR,SANDUR
Karnataka,AC_NAME,SANKEHWAR,SANKESHWAR
Karnataka,AC_NAME,SANKESHWAR,SANKESHWAR
Karnataka,AC_NAME,SANTHEMARAHALLI,SANTHEMARAHALLI
Karnataka,AC_NAME,SANTPUR,SANTPUR
Karnataka,AC_NAME,SARVAGNANAGAR,SARVAGNANAGAR
Karnataka,AC_NAME,SATHANUR,SATHANUR
Karnataka,AC_NAME,SAUNDATTI YELLAMMA,SAUNDATTI YELLAMMA
Karnataka,AC_NAME,SEDAM,SEDAM
Karnataka,AC_NAME,SERUM,SEDAM
Karnataka,AC_NAME,SHAHABAD,SHAHABAD
Karnataka,AC_NAME,SHAHAPUR,SHAHPUR
Karnataka,AC_NAME,SHAHPUR,SHAHPUR
Karnataka,AC_NAME,SHANTHINAGAR,SHANTHINAGAR
Karnataka,AC_NAME,SHANTI NAGAR,SHANTHINAGAR
Karnataka,AC_NAME,SHANTINAGAR,SHANTHINAGAR
Karnataka,AC_NAME,SHIGGAON,SHIGGAON
Karnataka,AC_NAME,SHIKARIPUR,SHIKARIPURA
Karnataka,AC_NAME,SHIKARIPURA,SHIKARIPURA
Karnataka,AC_NAME,SHIMOGA,SHIMOGA
Karnataka,AC_NAME,SHIMOGA RURAL,SHIMOGA RURAL
Karnataka,AC_NAME,SHIRAHATTI,SHIRHATTI
Karnataka,AC_NAME,SHIRHATTI,SHIRHATTI
Karnataka,AC_NAME,SHIRUGUPPA,SIRUGUPPA
Karnataka,AC_NAME,SHIVAJINAGAR,SHIVAJINAGAR
Karnataka,AC_NAME,SHORAPUR,SHORAPUR
Karnataka,AC_NAME,SHRAVANABELAGOLA,SHRAVANABELAGOLA
Karnataka,AC_NAME,SHRIRANGAPATTANA,SRIRANGAPATNA
Karnataka,AC_NAME,SIDLAGHATTA,SIDLAGHATTA
Karnataka,AC_NAME,SINDAGI,SINDAGI
Karnataka,AC_NAME,SINDGI,SINDAGI
Karnataka,AC_NAME,SINDHANOOR,SINDHANUR
Karnataka,AC_NAME,SINDHANUR,SINDHANUR
Karnataka,AC_NAME,SINDHNOOR,SINDHANUR
Karnataka,AC_NAME,SIRA,SIRA
Karnataka,AC_NAME,SIRSI,SIRSI
Karnataka,AC_NAME,SIRUGUPPA,SIRUGUPPA
Karnataka,AC_NAME,SOLUR,SOLUR
Karnataka,AC_NAME,SOMWARPET,SOMWARPET
Karnataka,AC_NAME,SORAB,SORAB
Karnataka,AC_NAME,SRAVANABELAGOLA,SHRAVANABELAGOLA
Karnataka,AC_NAME,SRINGERI,SRINGERI
Karnataka,AC_NAME,SRINIVASAPUR,SRINIVASPUR
Karnataka,AC_NAME,SRINIVASPUR,SRINIVASPUR
Karnataka,AC_NAME,SRIRANGAPATNA,SRIRANGAPATNA
Karnataka,AC_NAME,SULLIA,SULLIA
Karnataka,AC_NAME,SURATHKAL,SURATHKAL
Karnataka,AC_NAME,T NARASIPUR,T. NARASIPUR
Karnataka,AC_NAME,T NARSIPUR,T. NARASIPUR
Karnataka,AC_NAME,T. NARASIPUR,T. NARASIPUR
Karnataka,AC_NAME,T.NARASIPUR,T. NARASIPUR
Karnataka,AC_NAME,TALIKOT,TALIKOT
Karnataka,AC_NAME,TARIKERE,TARIKERE
Karnataka,AC_NAME,TERDAL,TERDAL
Karnataka,AC_NAME,THIRTHAHALLI,THIRTHAHALLI
Karnataka,AC_NAME,TIKOTA,TIKOTA
Karnataka,AC_NAME,TIPTUR,TIPTUR
Karnataka,AC_NAME,TIRTHAHALLI,THIRTHAHALLI
Karnataka,AC_NAME,TUMKUR,TUMKUR
Karnataka,AC_NAME,TUMKUR CITY,TUMKUR CITY
Karnataka,AC_NAME,TUMKUR RURAL,TUMKUR RURAL
Karnataka,AC_NAME,TURAVEKERE,TURUVEKERE
Karnataka,AC_NAME,TURUVEKERE,TURUVEKERE
Karnataka,AC_NAME,UCHAGAON,UCHAGDAN
Karnataka,AC_NAME,UCHAGDAN,UCHAGDAN
Karnataka,AC_NAME,UDIPI,UDUPI
Karnataka,AC_NAME,UDUPI,UDUPI
Karnataka,AC_NAME,ULLAL,ULLAL
Karnataka,AC_NAME,ULSOOR,ULSOOR
Karnataka,AC_NAME,UTTARAHALLI,UTTARAHALLI
Karnataka,AC_NAME,VARTHUR,VARTHUR
Karnataka,AC_NAME,VARUNA,VARUNA
Karnataka,AC_NAME,VEMAGAL,VEMAGAL
Karnataka,AC_NAME,VEMGAL,VEMAGAL
Karnataka,AC_NAME,VIJAY NAGAR,VIJAY NAGAR
Karnataka,AC_NAME,VIJAYANAGARA,VIJAYANAGARA
Karnataka,AC_NAME,VIRAJPET,VIRAJPET
Karnataka,AC_NAME,VIRUPAKSHIPUR,VIRUPAKSHIPURA
Karnataka,AC_NAME,VIRUPAKSHIPURA,VIRUPAKSHIPURA
Karnataka,AC_NAME,VITTAL,VITTAL
Karnataka,AC_NAME,YADGIR,YADGIR
Karnataka,AC_NAME,YAMKANAMARDI,YEMKANMARDI
Karnataka,AC_NAME,YELABURGA,YELBURGA
Karnataka,AC_NAME,YELAHANKA,YELAHANKA
Karnataka,AC_NAME,YELBURGA,YELBURGA
Karnataka,AC_NAME,YELLAPUR,YELLAPUR
Karnataka,AC_NAME,YEMKANMARDI,YEMKANMARDI
Karnataka,AC_NAME,YESHVANTHAPURA,YESHWANTAPURA
Karnataka,AC_NAME,YESHWANTAPURA,YESHWANTAPURA
Sikkim,AC_NAME,ARITHANG,ARITHANG
Sikkim,AC_NAME,ASSAM LINGJEY,ASSAM-LINGJEY
Sikkim,AC_NAME,ASSAM-LINGJEY,ASSAM-LINGJEY
Sikkim,AC_NAME,ASSAM-LINGJEY BL,ASSAM-LINGJEY
Sikkim,AC_NAME,BARFUNG,BARFUNG
Sikkim,AC_NAME,BARMIOK,BARMIOK
Sikkim,AC_NAME,CENTRAL PENDAM-EAST PENDAM,CENTRAL PENDAM-EAST PENDAM
Sikkim,AC_NAME,CHAKUNG,CHAKUNG
Sikkim,AC_NAME,CHUJACHEN,CHUJACHEN
Sikkim,AC_NAME,DAMTHANG,DAMTHANG
Sikkim,AC_NAME,DARAMDIN,DARAMDIN
Sikkim,AC_NAME,DENTAM,DENTAM
Sikkim,AC_NAME,DJONGU,DJONGU
Sikkim,AC_NAME,DJONGU BL,DJONGU
Sikkim,AC_NAME,GANGTOK,GANGTOK
Sikkim,AC_NAME,GEYZING,GYALSHING-BARNYAK
Sikkim,AC_NAME,GNATHANG-MACHONG,GNATHANG-MACHONG
Sikkim,AC_NAME,GYALSHING-BARNYAK,GYALSHING-BARNYAK
Sikkim,AC_NAME,JORTHANG-NAYABAZAR,JORTHANG-NAYABAZAR
Sikkim,AC_NAME,KABI LUNGCHUK,KABI LUNGCHUK
Sikkim,AC_NAME,KABI TINGDA,KABI TINGDA
Sikkim,AC_NAME,KABI TINGDA BL,KABI TINGDA
Sikkim,AC_NAME,KHAMDONG,KHAMDONG
Sikkim,AC_NAME,KHAMDONG-SINGTAM,KHAMDONG-SINGTAM
Sikkim,AC_NAME,LACHEN MANGAN,LACHEN MANGAN
Sikkim,AC_NAME,LACHEN MANGSHILA,LACHEN MANGAN
Sikkim,AC_NAME,LACHEN MANGSHILA BL,LACHEN MANGAN
Sikkim,AC_NAME,LOOSING PACHEKHANI,LOOSING PACHEKHANI
Sikkim,AC_NAME,MANEYBUNG-DENTAM,MANEYBUNG-DENTAM
Sikkim,AC_NAME,MARTAM,MARTAM
Sikkim,AC_NAME,MARTAM BL,MARTAM
Sikkim,AC_NAME,MARTAM-RUMTEK,MARTAM-RUMTEK
Sikkim,AC_NAME,MELLI,MELLI
Sikkim,AC_NAME,NAMCHEYBUNG,NAMCHEYBUNG
Sikkim,AC_NAME,NAMCHI-SINGHITHANG,NAMCHI-SINGHITHANG
Sikkim,AC_NAME,NAMTHANG-RATEYPANI,NAMTHANG-RATEYPANI
Sikkim,AC_NAME,PATHING,PATHING
Sikkim,AC_NAME,PATHING BL,PATHING
Sikkim,AC_NAME,POKLOK-KAMRANG,POKLOK-KAMRANG
Sikkim,AC_NAME,RAKDONG TENTEK,RAKDONG TINTEK
Sikkim,AC_NAME,RAKDONG TENTEK BL,RAKDONG TINTEK
Sikkim,AC_NAME,RAKDONG TINTEK,RAKDONG TINTEK
Sikkim,AC_NAME,RALANG,RALANG
Sikkim,AC_NAME,RALONG,RALANG
Sikkim,AC_NAME,RALONG BL,RALANG
Sikkim,AC_NAME,RANGANG-YANGANG,RANGANG-YANGANG
Sikkim,AC_NAME,RANKA,RANKA
Sikkim,AC_NAME,RANKA BL,RANKA
Sikkim,AC_NAME,RATEYPANI - WEST PENDAM,RATEYPANI - WEST PENDAM
Sikkim,AC_NAME,REGU,REGU
Sikkim,AC_NAME,RHENOCK,RHENOCK
Sikkim,AC_NAME,RINCHENPONG,RINCHENPONG
Sikkim,AC_NAME,RINCHENPONG BL,RINCHENPONG
Sikkim,AC_NAME,RUMTEK,RUMTEK
Sikkim,AC_NAME,RUMTEK BL,RUMTEK
Sikkim,AC_NAME,SALGHARI-ZOOM,SALGHARI-ZOOM
Sikkim,AC_NAME,SANGHA,SANGHA
Sikkim,AC_NAME,SANGHA (SANGHA),SANGHA
Sikkim,AC_NAME,SHYARI,SHYARI
Sikkim,AC_NAME,SOREONG,SOREONG
Sikkim,AC_NAME,SOREONG-CHAKUNG,SOREONG-CHAKUNG
Sikkim,AC_NAME,TASHIDING,TASHIDING
Sikkim,AC_NAME,TASHIDING BL,TASHIDING
Sikkim,AC_NAME,TEMI-NAMPHING,TEMI-NAMPHING
Sikkim,AC_NAME,TEMI-TARKU,TEMI-TARKU
Sikkim,AC_NAME,TUMEN-LINGI,TUMEN-LINGI
Sikkim,AC_NAME,UPPER BURTUK,UPPER BURTUK
Sikkim,AC_NAME,UPPER TADONG,UPPER TADONG
Sikkim,AC_NAME,WAK,WAK
Sikkim,AC_NAME,WEST PENDAM,WEST PENDAM
Sikkim,AC_NAME,YANGTHANG,YANGTHANG
Sikkim,AC_NAME,YOKSAM,YOKSAM
Sikkim,AC_NAME,YOKSAM-TASHIDING,YOKSAM-TASHIDING
Andhra Pradesh,AC_NAME,ACHAMPET,ACHAMPET
Andhra Pradesh,AC_NAME,ACHANTA,ACHANTA
Andhra Pradesh,AC_NAME,ADDANKI,ADDANKI
Andhra Pradesh,AC_NAME,ADILABAD,ADILABAD
Andhra Pradesh,AC_NAME,ADONI,ADONI
Andhra Pradesh,AC_NAME,ALAIR,ALAIR
Andhra Pradesh,AC_NAME,ALAMPUR,ALAMPUR
Andhra Pradesh,AC_NAME,ALAMURU,ALAMURU
Andhra Pradesh,AC_NAME,ALLAGADDA,ALLAGADDA
Andhra Pradesh,AC_NAME,ALLAGAHDA,ALLAGADDA
Andhra Pradesh,AC_NAME,ALLAVARAM,ALLAVARAM
Andhra Pradesh,AC_NAME,ALLUR,ALLUR
Andhra Pradesh,AC_NAME,ALUR,ALLUR
Andhra Pradesh,AC_NAME,AMADALAVALASA,AMADALAVALASA
Andhra Pradesh,AC_NAME,AMALAPURAM,AMALAPURAM
Andhra Pradesh,AC_NAME,AMARCHINTA,AMARCHINTA
Andhra Pradesh,AC_NAME,AMBERPET,AMBERPET
Andhra Pradesh,AC_NAME,AMMANABAROLU,AMMANABROLU
Andhra Pradesh,AC_NAME,AMMANABROLU,AMMANABROLU
Andhra Pradesh,AC_NAME,ANAKAPALLE,ANAKAPALLE
Andhra Pradesh,AC_NAME,ANAKAPALLI,ANAKAPALLE
Andhra Pradesh,AC_NAME,ANANTAPUR,ANANTAPUR
Andhra Pradesh,AC_NAME,ANANTAPUR URBAN,ANANTAPUR URBAN
Andhra Pradesh,AC_NAME,ANAPARTHI,ANAPARTHI
Andhra Pradesh,AC_NAME,ANAPARTHY,ANAPARTHI
Andhra Pradesh,AC_NAME,ANATAPUR,ANANTAPUR
Andhra Pradesh,AC_NAME,ANDOLE,ANDOLE
Andhra Pradesh,AC_NAME,ARAKU VALLEY,ARAKU VALLEY
Andhra Pradesh,AC_NAME,ARMOOR,ARMUR
Andhra Pradesh,AC_NAME,ARMUR,ARMUR
Andhra Pradesh,AC_NAME,ASAFNAGAR,ASAFNAGAR
Andhra Pradesh,AC_NAME,ASIFABAD,ASIFABAD
Andhra Pradesh,AC_NAME,ASWARAOPETA,ASWARAOPETA
Andhra Pradesh,AC_NAME,ATILL,ATTILI
Andhra Pradesh,AC_NAME,ATMAKUR,ATMAKUR
Andhra Pradesh,AC_NAME,ATTILI,ATTILI
Andhra Pradesh,AC_NAME,AVANIGADDA,AVANIGADDA
Andhra Pradesh,AC_NAME,BADVEL,BADVEL
Andhra Pradesh,AC_NAME,BAHDURPURA,BAHDURPURA
Andhra Pradesh,AC_NAME,BALIJIPETA,BALIJIPETA
Andhra Pradesh,AC_NAME,BALKONDA,BALKONDA
Andhra Pradesh,AC_NAME,BANAGANAPALLE,BANAGANAPALLE
Andhra Pradesh,AC_NAME,BANDAR,MACHILIPATNAM
Andhra Pradesh,AC_NAME,BANGARIPOLIEM,BANGARIPOLIEM
Andhra Pradesh,AC_NAME,BANSWADA,BANSWADA
Andhra Pradesh,AC_NAME,BAPATA,BAPATLA
Andhra Pradesh,AC_NAME,BAPATLA,BAPATLA
Andhra Pradesh,AC_NAME,BEGUM BAZAAR,BEGUM BAZAR
Andhra Pradesh,AC_NAME,BEGUM BAZAR,BEGUM BAZAR
Andhra Pradesh,AC_NAME,BELLAMPALLY,BELLAMPALLY
Andhra Pradesh,AC_NAME,BHADRACHALAM,BHADRACHALAM
Andhra Pradesh,AC_NAME,BHADRACHELAM,BHADRACHALAM
Andhra Pradesh,AC_NAME,BHADRAHCALAM,BHADRACHALAM
Andhra Pradesh,AC_NAME,BHEEMUNIPATNAM,BHIMLI
Andhra Pradesh,AC_NAME,BHEMUNIPATNAM,BHIMLI
Andhra Pradesh,AC_NAME,BHIMAVARAM,BHIMAVARAM
Andhra Pradesh,AC_NAME,BHIMLI,BHIMLI
Andhra Pradesh,AC_NAME,BHOGAPURAM,BHOGAPURAM
Andhra Pradesh,AC_NAME,BHONGIR,BHONGIR
Andhra Pradesh,AC_NAME,BHUPALPALLE,BHUPALPALLE
Andhra Pradesh,AC_NAME,BOATH,BOATH
Andhra Pradesh,AC_NAME,BOBBILI,BOBBILI
Andhra Pradesh,AC_NAME,BODDAM,BODDAM
Andhra Pradesh,AC_NAME,BODHAN,BODHAN
Andhra Pradesh,AC_NAME,BRAHMANATARALA,BRAHMANATARLA
Andhra Pradesh,AC_NAME,BRAHMANATARLA,BRAHMANATARLA
Andhra Pradesh,AC_NAME,BUCHIREDDIPALEM,BUCHIREDDIPALEM
Andhra Pradesh,AC_NAME,BUGGARAM,BUGGARAM
Andhra Pradesh,AC_NAME,BURAGAMPAHAD,BURGAMPAHAD
Andhra Pradesh,AC_NAME,BURGAMPAHAD,BURGAMPAHAD
Andhra Pradesh,AC_NAME,BURUGUPUDI,BURUGUPUDI
Andhra Pradesh,AC_NAME,CHALAKURTHI,CHALAKURTHI
Andhra Pradesh,AC_NAME,CHANDRAGIRI,CHANDRAGIRI
Andhra Pradesh,AC_NAME,CHANDRAYANGUTTA,CHANDRAYANGUTTA
Andhra Pradesh,AC_NAME,CHANNUR,CHANNUR
Andhra Pradesh,AC_NAME,CHARMINAR,CHARMINAR
Andhra Pradesh,AC_NAME,CHEEPURUPALLE,CHEEPURUPALLI
Andhra Pradesh,AC_NAME,CHEEPURUPALLI,CHEEPURUPALLI
Andhra Pradesh,AC_NAME,CHENNUR,CHENNUR
Andhra Pradesh,AC_NAME,CHERIAL,CHERIYAL
Andhra Pradesh,AC_NAME,CHERIYAL,CHERIYAL
Andhra Pradesh,AC_NAME,CHEVELLA,CHEVELLA
Andhra Pradesh,AC_NAME,CHEYYERU,CHEYYERU
Andhra Pradesh,AC_NAME,CHILAKALURIPET,CHILAKALURIPET
Andhra Pradesh,AC_NAME,CHILAKALURIPETA,CHILAKALURIPET
Andhra Pradesh,AC_NAME,CHILAKULURIPET,CHILAKALURIPET
Andhra Pradesh,AC_NAME,CHILLAMCHERLA,CHILLAMCHERLA
Andhra Pradesh,AC_NAME,CHINNAKONDUR,CHINNAKONDUR
Andhra Pradesh,AC_NAME,CHINNUR,CHINNUR
Andhra Pradesh,AC_NAME,CHINTALAPUDI,CHINTALAPUDI
Andhra Pradesh,AC_NAME,CHINTAPALLI,CHINTAPALLI
Andhra Pradesh,AC_NAME,CHIRALA,CHIRALA
Andhra Pradesh,AC_NAME,CHITTOOR,CHITTOOR
Andhra Pradesh,AC_NAME,CHODAVARAM,CHODAVARAM
Andhra Pradesh,AC_NAME,CHOPPADANDI,CHOPPADANDI
Andhra Pradesh,AC_NAME,CUDDAPAH,KADAPA
Andhra Pradesh,AC_NAME,CUDDAPAM,KADAPA
Andhra Pradesh,AC_NAME,CUMBUM,CUMBUM
Andhra Pradesh,AC_NAME,DARSI,DARSI
Andhra Pradesh,AC_NAME,DENDULUR,DENDULURU
Andhra Pradesh,AC_NAME,DENDULURU,DENDULURU
Andhra Pradesh,AC_NAME,DEVARAKONDA,DEVARAKONDA
Andhra Pradesh,AC_NAME,DEVARKADRA,DEVARKADRA
Andhra Pradesh,AC_NAME,DEVARKONDA,DEVARAKONDA
Andhra Pradesh,AC_NAME,DEVERKONDA,DEVARAKONDA
Andhra Pradesh,AC_NAME,DEVI,DEVI
Andhra Pradesh,AC_NAME,DHAMASAGAR,DHAMASAGAR
Andhra Pradesh,AC_NAME,DHAMAVARAM,DHARMAVARAM
Andhra Pradesh,AC_NAME,DHARAMAVARAM,DHARMAVARAM
Andhra Pradesh,AC_NAME,DHARMAPURI,DHARMAPURI
Andhra Pradesh,AC_NAME,DHARMAVARAM,DHARMAVARAM
Andhra Pradesh,AC_NAME,DHONE,DHONE
Andhra Pradesh,AC_NAME,DICHPALLI,DICHPALLI
Andhra Pradesh,AC_NAME,DICHPALLY,DICHPALLI
Andhra Pradesh,AC_NAME,DOMMAT,DOMMAT
Andhra Pradesh,AC_NAME,DORNAKAL,DORNAKAL
Andhra Pradesh,AC_NAME,DUBBAK,DUBBAK
Andhra Pradesh,AC_NAME,DUGGIRALA,DUGGIRALA
Andhra Pradesh,AC_NAME,ELAMANCHILI,YELLAMANCHILI
Andhra Pradesh,AC_NAME,ELURU,ELURU
Andhra Pradesh,AC_NAME,EPANJERI,EPANJERI
Andhra Pradesh,AC_NAME,ETCHERLA,ETCHERLA
Andhra Pradesh,AC_NAME,GADWAL,GADWAL
Andhra Pradesh,AC_NAME,GAGAN MAHAL,GAGAN MAHAL
Andhra Pradesh,AC_NAME,GAJAPATHINAGARAM,GAJAPATHINAGARAM
Andhra Pradesh,AC_NAME,GAJAPATINAGARAM,GAJAPATHINAGARAM
Andhra Pradesh,AC_NAME,GAJUWAKA,GAJUWAKA
Andhra Pradesh,AC_NAME,GAJWEL,GAJWEL
Andhra Pradesh,AC_NAME,GANGADHARA NELLORE,GANGADHARA NELLORE
Andhra Pradesh,AC_NAME,GANNAVARAM,GANNAVARAM
Andhra Pradesh,AC_NAME,GAZWEL,GAJWEL
Andhra Pradesh,AC_NAME,GHANPUR,GHANPUR (STATION)
Andhra Pradesh,AC_NAME,GHANPUR (STATION),GHANPUR (STATION)
Andhra Pradesh,AC_NAME,GHIRALA,CHIRALA
Andhra Pradesh,AC_NAME,GIDDALUR,GIDDALUR
Andhra Pradesh,AC_NAME,GOLUGONDA,GOLUGONDA
Andhra Pradesh,AC_NAME,GOMPA,GOMPA
Andhra Pradesh,AC_NAME,GOOTY,GOOTY
Andhra Pradesh,AC_NAME,GOPALAPURAM,GOPALAPURAM
Andhra Pradesh,AC_NAME,GOPALPURAM,GOPALAPURAM
Andhra Pradesh,AC_NAME,GORANTLA,GORANTLA
Andhra Pradesh,AC_NAME,GOSHAMAHAL,GOSHAMAHAL
Andhra Pradesh,AC_NAME,GUDEM,GUDEM
Andhra Pradesh,AC_NAME,GUDIVADA,GUDIVADA
Andhra Pradesh,AC_NAME,GUDUR,GUDUR
Andhra Pradesh,AC_NAME,GUNTAKAL,GUNTAKAL
Andhra Pradesh,AC_NAME,GUNTUR EAST,GUNTUR EAST
Andhra Pradesh,AC_NAME,GUNTUR I,GUNTUR I
Andhra Pradesh,AC_NAME,GUNTUR I I,GUNTUR II
Andhra Pradesh,AC_NAME,GUNTUR II,GUNTUR II
Andhra Pradesh,AC_NAME,GUNTUR WEST,GUNTUR WEST
Andhra Pradesh,AC_NAME,GUNTUR-I,GUNTUR I
Andhra Pradesh,AC_NAME,GUNTUR-II,GUNTUR II
Andhra Pradesh,AC_NAME,GURUZALA,GURZALA
Andhra Pradesh,AC_NAME,GURZALA,GURZALA
Andhra Pradesh,AC_NAME,HANAMKONDA,HANAMKONDA
Andhra Pradesh,AC_NAME,HARASAPUR,HARASAPUR
Andhra Pradesh,AC_NAME,HARISCHANDRAPURAM,HARISHCHANDRA PURAM
Andhra Pradesh,AC_NAME,HARISHCHANDRA,HARISHCHANDRA PURAM
Andhra Pradesh,AC_NAME,HARISHCHANDRA PURAM,HARISHCHANDRA PURAM
Andhra Pradesh,AC_NAME,HASANPARTHI,HASANPARTHY
Andhra Pradesh,AC_NAME,HASANPARTHY,HASANPARTHY
Andhra Pradesh,AC_NAME,HIGH COURT,HIGH COURT
Andhra Pradesh,AC_NAME,HIMAYATNAGAR,HIMAYATNAGAR
Andhra Pradesh,AC_NAME,HINDUPUR,HINDUPUR
Andhra Pradesh,AC_NAME,HUSNABAD,HUSNABAD
Andhra Pradesh,AC_NAME,HUZURABAD,HUZURABAD
Andhra Pradesh,AC_NAME,HUZURNAGAR,HUZURNAGAR
Andhra Pradesh,AC_NAME,HYDERABAD EAST,HYDERABAD EAST
Andhra Pradesh,AC_NAME,IBRAHIMPATAM,IBRAHIMPATNAM
Andhra Pradesh,AC_NAME,IBRAHIMPATNAM,IBRAHIMPATNAM
Andhra Pradesh,AC_NAME,ICHAPURAM,ICHCHAPURAM
Andhra Pradesh,AC_NAME,ICHCHAPURAM,ICHCHAPURAM
Andhra Pradesh,AC_NAME,INDURTHI,INDURTHI
Andhra Pradesh,AC_NAME,INDURTHY,INDURTHI
Andhra Pradesh,AC_NAME,JADCHERLA,JADCHERLA
Andhra Pradesh,AC_NAME,JAGGAMPETA,JAGGAMPETA
Andhra Pradesh,AC_NAME,JAGGAYYAPET,JAGGAYYAPET
Andhra Pradesh,AC_NAME,JAGGAYYAPETA,JAGGAYYAPET
Andhra Pradesh,AC_NAME,JAGTIAL,JAGTIAL
Andhra Pradesh,AC_NAME,JAMI,JAMI
Andhra Pradesh,AC_NAME,JAMMALAHADUGU,JAMMALAMADUGU
Andhra Pradesh,AC_NAME,JAMMALAMADUGU,JAMMALAMADUGU
Andhra Pradesh,AC_NAME,JAMMALAMDGU,JAMMALAMADUGU
Andhra Pradesh,AC_NAME,JANGAO,JANGAON
Andhra Pradesh,AC_NAME,JANGAON,JANGAON
Andhra Pradesh,AC_NAME,JANGOAN,JANGAON
Andhra Pradesh,AC_NAME,JUBILEE HILLS,JUBILEE HILLS
Andhra Pradesh,AC_NAME,JUBILLEE HILLS,JUBILEE HILLS
Andhra Pradesh,AC_NAME,JUKKAL,JUKKAL
Andhra Pradesh,AC_NAME,KADAPA,KADAPA
Andhra Pradesh,AC_NAME,KADIAM,KADIAM
Andhra Pradesh,AC_NAME,KADIRI,KADIRI
Andhra Pradesh,AC_NAME,KAIKALUR,KAIKALUR
Andhra Pradesh,AC_NAME,KAKINADA,KAKINADA
Andhra Pradesh,AC_NAME,KAKINADA CITY,KAKINADA CITY
Andhra Pradesh,AC_NAME,KAKINADA RURAL,KAKINADA RURAL
Andhra Pradesh,AC_NAME,KALAHASTI,KALAHASTI
Andhra Pradesh,AC_NAME,KALAMASTI,KALAHASTI
Andhra Pradesh,AC_NAME,KALWAKURTHI,KALWAKURTHY
Andhra Pradesh,AC_NAME,KALWAKURTHY,KALWAKURTHY
Andhra Pradesh,AC_NAME,KALYANDRUG,KALYANDURG
Andhra Pradesh,AC_NAME,KALYANDURG,KALYANDURG
Andhra Pradesh,AC_NAME,KAMALAPUR,KAMALAPUR
Andhra Pradesh,AC_NAME,KAMALAPURAM,KAMALAPURAM
Andhra Pradesh,AC_NAME,KAMAREDDY,KAMAREDDY
Andhra Pradesh,AC_NAME,KAMLAPURAM,KAMALAPURAM
Andhra Pradesh,AC_NAME,KANCHIKACHERLA,KANCHIKACHERLA
Andhra Pradesh,AC_NAME,KANDUKUR,KANDUKUR
Andhra Pradesh,AC_NAME,KANIGIR,KANIGIRI
Andhra Pradesh,AC_NAME,KANIGIRI,KANIGIRI
Andhra Pradesh,AC_NAME,KANITHI,KANITHI
Andhra Pradesh,AC_NAME,KANKIPADU,KANKIPADU
Andhra Pradesh,AC_NAME,KARAPA,KARAPA
Andhra Pradesh,AC_NAME,KARIMNAGAR,KARIMNAGAR
Andhra Pradesh,AC_NAME,KARWAN,KARWAN
Andhra Pradesh,AC_NAME,KAVALI,KAVALI
Andhra Pradesh,AC_NAME,KHAIRATABAD,KHAIRATABAD
Andhra Pradesh,AC_NAME,KHAMMAM,KHAMMAM
Andhra Pradesh,AC_NAME,KHANAPUR,KHANAPUR
Andhra Pradesh,AC_NAME,KODAD,KODAD
Andhra Pradesh,AC_NAME,KODANGAL,KODANGAL
Andhra Pradesh,AC_NAME,KODUMUR,KODUMUR
Andhra Pradesh,AC_NAME,KODUR,KODUR
Andhra Pradesh,AC_NAME,KOILKUNTLA,KOILKUNTLA
Andhra Pradesh,AC_NAME,KOLIKUNTLA,KOILKUNTLA
Andhra Pradesh,AC_NAME,KOLLAPUR,KOLLAPUR
Andhra Pradesh,AC_NAME,KONDAKARLA,KONDAKARLA
Andhra Pradesh,AC_NAME,KONDAPI,KONDAPI
Andhra Pradesh,AC_NAME,KONDEPI,KONDAPI
Andhra Pradesh,AC_NAME,KORATLA,KORATLA
Andhra Pradesh,AC_NAME,KORUKONDA,KORUKONDA
Andhra Pradesh,AC_NAME,KOSIGI,KOSIGI
Andhra Pradesh,AC_NAME,KOTHAGUDEM,KOTHAGUDEM
Andhra Pradesh,AC_NAME,KOTHAPETA,KOTHAPETA
Andhra Pradesh,AC_NAME,KOTHAPETHA,KOTHAPETA
Andhra Pradesh,AC_NAME,KOTHURU,KOTHURU
Andhra Pradesh,AC_NAME,KOTTURU,KOTHURU
Andhra Pradesh,AC_NAME,KOVUR,KOVUR
Andhra Pradesh,AC_NAME,KOVVUR,KOVUR
Andhra Pradesh,AC_NAME,KOYYUR,KOVUR
Andhra Pradesh,AC_NAME,KUCHINAPUDI,KUCHINAPUDI
Andhra Pradesh,AC_NAME,KUKATPALLY,KUKATPALLY
Andhra Pradesh,AC_NAME,KUPPAM,KUPPAM
Andhra Pradesh,AC_NAME,KURNOOL,KURNOOL
Andhra Pradesh,AC_NAME,KURUPAM,KURUPAM
Andhra Pradesh,AC_NAME,LAKKIREDDIPALLI,LAKKIREDDIPALLI
Andhra Pradesh,AC_NAME,LAL BAHADUR NAGAR,LAL BAHADUR NAGAR
Andhra Pradesh,AC_NAME,LUXETIPET,LUXETTIPET
Andhra Pradesh,AC_NAME,LUXETTIPET,LUXETTIPET
Andhra Pradesh,AC_NAME,LUXETTIPETH,LUXETTIPET
Andhra Pradesh,AC_NAME,MACHERLA,MACHERLA
Andhra Pradesh,AC_NAME,MACHILIPATNAM,MACHILIPATNAM
Andhra Pradesh,AC_NAME,MADAKASIRA,MADAKASIRA
Andhra Pradesh,AC_NAME,MADANAPALLE,MADANAPALLE
Andhra Pradesh,AC_NAME,MADANPALLE,MADANAPALLE
Andhra Pradesh,AC_NAME,MADHIRA,MADHIRA
Andhra Pradesh,AC_NAME,MADIRA,MADHIRA
Andhra Pradesh,AC_NAME,MADOOR,MADOOR
Andhra Pradesh,AC_NAME,MADUGULA,MADUGULA
Andhra Pradesh,AC_NAME,MAHABUBABAD,MAHABUBABAD
Andhra Pradesh,AC_NAME,MAHABUBNAGAR,MAHBUBNAGAR
Andhra Pradesh,AC_NAME,MAHARAJGANJ,MAHARAJGUNJ
Andhra Pradesh,AC_NAME,MAHARAJGUNJ,MAHARAJGUNJ
Andhra Pradesh,AC_NAME,MAHBUBABAD,MAHABUBABAD
Andhra Pradesh,AC_NAME,MAHBUBNAGAR,MAHBUBNAGAR
Andhra Pradesh,AC_NAME,MAHBUHABAD,MAHABUBABAD
Andhra Pradesh,AC_NAME,MAHESHWARAM,MAHESHWARAM
Andhra Pradesh,AC_NAME,MAIDARAM,MAIDARAM
Andhra Pradesh,AC_NAME,MAKTHAL,MAKTHAL
Andhra Pradesh,AC_NAME,MALAKPET,MALAKPET
Andhra Pradesh,AC_NAME,MALKAJGIRI,MALKAJGIRI
Andhra Pradesh,AC_NAME,MALLESHWARAM,MALLESWARAM
Andhra Pradesh,AC_NAME,MALLESWARA,MALLESWARAM
Andhra Pradesh,AC_NAME,MALLESWARAM,MALLESWARAM
Andhra Pradesh,AC_NAME,MANAGALAGIRI,MANGALAGIRI
Andhra Pradesh,AC_NAME,MANAKONDUR,MANAKONDUR
Andhra Pradesh,AC_NAME,MANCHERIAL,MANCHERIAL
Andhra Pradesh,AC_NAME,MANDAPETA,MANDAPETA
Andhra Pradesh,AC_NAME,MANGALAGIRI,MANGALAGIRI
Andhra Pradesh,AC_NAME,MANGLAGIRI,MANGALAGIRI
Andhra Pradesh,AC_NAME,MANTHANI,MANTHANI
Andhra Pradesh,AC_NAME,MANTRALAYAM,MANTRALAYAM
Andhra Pradesh,AC_NAME,MARKAPUR,MARKAPUR
Andhra Pradesh,AC_NAME,MARKAPURAM,MARKAPUR
Andhra Pradesh,AC_NAME,MARTUR,MARTUR
Andhra Pradesh,AC_NAME,MEDAK,MEDAK
Andhra Pradesh,AC_NAME,MEDCHAL,MEDCHAL
Andhra Pradesh,AC_NAME,METPALLI,METPALLI
Andhra Pradesh,AC_NAME,MIDTHUR,MIDTHUR
Andhra Pradesh,AC_NAME,MIRYALGUDA,MIRYALGUDA
Andhra Pradesh,AC_NAME,MUDHOLE,MUDHOLE
Andhra Pradesh,AC_NAME,MUDINEPALLI,MUDINEPALLI
Andhra Pradesh,AC_NAME,MULUG,MULUG
Andhra Pradesh,AC_NAME,MUMMIDIVARAM,MUMMIDIVARAM
Andhra Pradesh,AC_NAME,MUNGODE,MUNUGODE
Andhra Pradesh,AC_NAME,MUNUGODE,MUNUGODE
Andhra Pradesh,AC_NAME,MUSHEERABAD,MUSHEERABAD
Andhra Pradesh,AC_NAME,MYADARAM,MYDARAM
Andhra Pradesh,AC_NAME,MYDARAM,MYDARAM
Andhra Pradesh,AC_NAME,MYDUKU,MYDUKUR
Andhra Pradesh,AC_NAME,MYDUKUR,MYDUKUR
Andhra Pradesh,AC_NAME,MYLAVARAM,MYLAVARAM
Andhra Pradesh,AC_NAME,NAGARAM,NAGARAM
Andhra Pradesh,AC_NAME,NAGARI,NAGARI
Andhra Pradesh,AC_NAME,NAGARIKATAKAM,NAGARIKATAKAM
Andhra Pradesh,AC_NAME,NAGARIKATKAM,NAGARIKATAKAM
Andhra Pradesh,AC_NAME,NAGARJUNA SAGAR,NAGARJUNA SAGAR
Andhra Pradesh,AC_NAME,NAGARKURNOOL,NAGARKURNOOL
Andhra Pradesh,AC_NAME,NAGURU,NAGURU
Andhra Pradesh,AC_NAME,NAKREKAL,NAKREKAL
Andhra Pradesh,AC_NAME,NALGONDA,NALGONDA
Andhra Pradesh,AC_NAME,NALLAMADA,NALLAMADA
Andhra Pradesh,AC_NAME,NALLAMDA,NALLAMADA
Andhra Pradesh,AC_NAME,NAMPALLI,NAMPALLI
Andhra Pradesh,AC_NAME,NANDIGAMA,NANDIGAMA
Andhra Pradesh,AC_NAME,NANDIKOTKUR,NANDIKOTKUR
Andhra Pradesh,AC_NAME,NANDIPAD,NANDIPAD
Andhra Pradesh,AC_NAME,NANDYAL,NANDYAL
Andhra Pradesh,AC_NAME,NARASANNAPETA,NARASANNAPETA
Andhra Pradesh,AC_NAME,NARASAPATNAM,NARSIPATNAM
Andhra Pradesh,AC_NAME,NARASAPUR,NARASAPURAM
Andhra Pradesh,AC_NAME,NARASAPURAM,NARASAPURAM
Andhra Pradesh,AC_NAME,NARASARAO,NARASARAOPET
Andhra Pradesh,AC_NAME,NARASARAOPET,NARASARAOPET
Andhra Pradesh,AC_NAME,NARASIPATNAM,NARASIPATNAM
Andhra Pradesh,AC_NAME,NARAYANKHED,NARAYANKHED
Andhra Pradesh,AC_NAME,NARAYANPET,NARAYANPET
Andhra Pradesh,AC_NAME,NARELLA,NARELLA
Andhra Pradesh,AC_NAME,NARSAMPET,NARSAMPET
Andhra Pradesh,AC_NAME,NARSAPUR,NARSAPUR
Andhra Pradesh,AC_NAME,NARSIPATNAM,NARSIPATNAM
Andhra Pradesh,AC_NAME,NELLIMARLA,NELLIMARLA
Andhra Pradesh,AC_NAME,NELLORE,NELLORE
Andhra Pradesh,AC_NAME,NELLORE CITY,NELLORE CITY
Andhra Pradesh,AC_NAME,NELLORE RURAL,NELLORE RURAL
Andhra Pradesh,AC_NAME,NERELLA,NERELLA
Andhra Pradesh,AC_NAME,NIDADAVOLE,NIDADAVOLE
Andhra Pradesh,AC_NAME,NIDUMOLU,NIDUMOLU
Andhra Pradesh,AC_NAME,NIRMAL,NIRMAL
Andhra Pradesh,AC_NAME,NIZAMABAD,NIZAMABAD
Andhra Pradesh,AC_NAME,NIZAMABAD (RURAL),NIZAMABAD (RURAL)
Andhra Pradesh,AC_NAME,NIZAMABAD (URBAN),NIZAMABAD (URBAN)
Andhra Pradesh,AC_NAME,NUSTHULAPUR,NUSTHULAPUR
Andhra Pradesh,AC_NAME,NUZVID,NUZVID
Andhra Pradesh,AC_NAME,ONGOLE,ONGOLE
Andhra Pradesh,AC_NAME,PACHIPENTA,PACHIPENTA
Andhra Pradesh,AC_NAME,PADERU,PADERU
Andhra Pradesh,AC_NAME,PALACOLE,PALAKOL
Andhra Pradesh,AC_NAME,PALAIR,PALAIR
Andhra Pradesh,AC_NAME,PALAKOL,PALAKOL
Andhra Pradesh,AC_NAME,PALAKONDA,PALAKONDA
Andhra Pradesh,AC_NAME,PALAKURTHI,PALAKURTHI
Andhra Pradesh,AC_NAME,PALAMANER,PALAMANER
Andhra Pradesh,AC_NAME,PALASA,PALASA
Andhra Pradesh,AC_NAME,PALLIPALEM,PALLIPALEM
Andhra Pradesh,AC_NAME,PALMANER,PALMANER
Andhra Pradesh,AC_NAME,PALWAMCHA,PALWANCHA
Andhra Pradesh,AC_NAME,PALWANCHA,PALWANCHA
Andhra Pradesh,AC_NAME,PAMARRU,PAMARRU
Andhra Pradesh,AC_NAME,PANYAM,PANYAM
Andhra Pradesh,AC_NAME,PAODDATUR,PRODDATUR
Andhra Pradesh,AC_NAME,PARAVADA,PARAVADA
Andhra Pradesh,AC_NAME,PARCHUR,PARCHUR
Andhra Pradesh,AC_NAME,PARGI,PARGI
Andhra Pradesh,AC_NAME,PARKAL,PARKAL
Andhra Pradesh,AC_NAME,PARUCHURU,PARCHUR
Andhra Pradesh,AC_NAME,PARVADA,PARAVADA
Andhra Pradesh,AC_NAME,PARVATHIPURAM,PARVATHIPURAM
Andhra Pradesh,AC_NAME,PATANCHERU,PATANCHERU
Andhra Pradesh,AC_NAME,PATAPATNAM,PATHAPATNAM
Andhra Pradesh,AC_NAME,PATAPTNAM,PATHAPATNAM
Andhra Pradesh,AC_NAME,PATHAPATNAM,PATHAPATNAM
Andhra Pradesh,AC_NAME,PATHERGATTI,PATHERGATTI
Andhra Pradesh,AC_NAME,PATHIKONDA,PATHIKONDA
Andhra Pradesh,AC_NAME,PATTIKONDA,PATHIKONDA
Andhra Pradesh,AC_NAME,PAYAKARAOPET,PAYAKARAOPET
Andhra Pradesh,AC_NAME,PAYAKARAOPETA,PAYAKARAOPET
Andhra Pradesh,AC_NAME,PEDAKURAPADU,PEDAKURAPADU
Andhra Pradesh,AC_NAME,PEDAMANAPURAM,PEDAMANAPURAM
Andhra Pradesh,AC_NAME,PEDANA,PEDANA
Andhra Pradesh,AC_NAME,PEDDAKAKANI,PEDDAKAKANI
Andhra Pradesh,AC_NAME,PEDDAKURAPADU,PEDAKURAPADU
Andhra Pradesh,AC_NAME,PEDDAPALLE,PEDDAPALLE
Andhra Pradesh,AC_NAME,PEDDAPALLI,PEDDAPALLE
Andhra Pradesh,AC_NAME,PEDDAPURAM,PEDDAPURAM
Andhra Pradesh,AC_NAME,PEDDAVOORA,PEDDAVOORA
Andhra Pradesh,AC_NAME,PENAMALURU,PENAMALURU
Andhra Pradesh,AC_NAME,PENDURTHI,PENDURTHI
Andhra Pradesh,AC_NAME,PENTAPADU,PENTAPADU
Andhra Pradesh,AC_NAME,PENUGONDA,PENUKONDA
Andhra Pradesh,AC_NAME,PENUKONDA,PENUKONDA
Andhra Pradesh,AC_NAME,PHIRANGIPURAM,PHIRANGIPURAM
Andhra Pradesh,AC_NAME,PILERU,PILERU
Andhra Pradesh,AC_NAME,PINAPAKA,PINAPAKA
Andhra Pradesh,AC_NAME,PITHAPURAM,PITHAPURAM
Andhra Pradesh,AC_NAME,PODILI,PODILI
Andhra Pradesh,AC_NAME,POLAVARAM,POLAVARAM
Andhra Pradesh,AC_NAME,PONDURU,PONDURU
Andhra Pradesh,AC_NAME,PONNUR,PONNUR
Andhra Pradesh,AC_NAME,PRATHIPAD,PRATHIPADU
Andhra Pradesh,AC_NAME,PRATHIPADU,PRATHIPADU
Andhra Pradesh,AC_NAME,PRODDATTUR,PRODDATUR
Andhra Pradesh,AC_NAME,PRODDATUR,PRODDATUR
Andhra Pradesh,AC_NAME,PULIVENDLA,PULIVENDULA
Andhra Pradesh,AC_NAME,PULIVENDULA,PULIVENDULA
Andhra Pradesh,AC_NAME,PUNGANUR,PUNGANUR
Andhra Pradesh,AC_NAME,PUTHALAPATTU,PUTHALAPATTU
Andhra Pradesh,AC_NAME,PUTLOOR,PUTLOOR
Andhra Pradesh,AC_NAME,PUTTAPARTHI,PUTTAPARTHI
Andhra Pradesh,AC_NAME,PUTTUR,PUTTUR
Andhra Pradesh,AC_NAME,QUTHBULLAPUR,QUTHBULLAPUR
Andhra Pradesh,AC_NAME,RAJAHMUNDRY,RAJAHMUNDRY
Andhra Pradesh,AC_NAME,RAJAHMUNDRY CITY,RAJAHMUNDRY CITY
Andhra Pradesh,AC_NAME,RAJAM,RAJAM
Andhra Pradesh,AC_NAME,RAJAMMUNDRY,RAJAHMUNDRY
Andhra Pradesh,AC_NAME,RAJAMPET,RAJAMPET
Andhra Pradesh,AC_NAME,RAJAMUNDRY RURAL,RAJAMUNDRY RURAL
Andhra Pradesh,AC_NAME,RAJANAGARAM,RAJANAGARAM
Andhra Pradesh,AC_NAME,RAJENDRANAGAR,RAJENDRANAGAR
Andhra Pradesh,AC_NAME,RAMACHANDRAMURAM,RAMACHANDRAPURAM
Andhra Pradesh,AC_NAME,RAMACHANDRAPURAM,RAMACHANDRAPURAM
Andhra Pradesh,AC_NAME,RAMAGUNDAM,RAMAGUNDAM
Andhra Pradesh,AC_NAME,RAMAKRISHNARAJUPET,RAMAKRISHNARAJUPET
Andhra Pradesh,AC_NAME,RAMANAPET,RAMANNAPET
Andhra Pradesh,AC_NAME,RAMANNAPET,RAMANNAPET
Andhra Pradesh,AC_NAME,RAMATHIRTHAM,RAMATHIRTHAM
Andhra Pradesh,AC_NAME,RAMAYAMPET,RAMAYAMPET
Andhra Pradesh,AC_NAME,RAMAYANPET,RAMAYAMPET
Andhra Pradesh,AC_NAME,RAMAYENPET,RAMAYAMPET
Andhra Pradesh,AC_NAME,RAMCHANDRAPURAM,RAMCHANDRAPURAM
Andhra Pradesh,AC_NAME,RAMPACHODAVARAM,RAMCHANDRAPURAM
Andhra Pradesh,AC_NAME,RAPTADU,RAPTADU
Andhra Pradesh,AC_NAME,RAPUR,RAPUR
Andhra Pradesh,AC_NAME,RAYACHOTI,RAYACHOTI
Andhra Pradesh,AC_NAME,RAYACHOTY,RAYACHOTI
Andhra Pradesh,AC_NAME,RAYADRUG,RAYADURG
Andhra Pradesh,AC_NAME,RAYADURG,RAYADURG
Andhra Pradesh,AC_NAME,RAZOLE,RAZOLE
Andhra Pradesh,AC_NAME,REDDAKURAPADU,PEDDAKURAPADU
Andhra Pradesh,AC_NAME,REPALLE,REPALLE
Andhra Pradesh,AC_NAME,REVIDI,REVIDI
Andhra Pradesh,AC_NAME,SADASIVPET,SADASIVPET
Andhra Pradesh,AC_NAME,SALUR,SALUR
Andhra Pradesh,AC_NAME,SAMALKOT,SAMALKOT
Andhra Pradesh,AC_NAME,SAMPARA,SAMPARA
Andhra Pradesh,AC_NAME,SANATH NAGAR,SANATHNAGAR
Andhra Pradesh,AC_NAME,SANATHNAGAR,SANATHNAGAR
Andhra Pradesh,AC_NAME,SANGAREDDY,SANGAREDDY
Andhra Pradesh,AC_NAME,SANTHANUTHACAPADU,SANTHANUTHALAPADU
Andhra Pradesh,AC_NAME,SANTHANUTHALAPADU,SANTHANUTHALAPADU
Andhra Pradesh,AC_NAME,SARVAPALLI,SARVEPALLI
Andhra Pradesh,AC_NAME,SARVEPALLI,SARVEPALLI
Andhra Pradesh,AC_NAME,SATHIVADA,SATHIVADA
Andhra Pradesh,AC_NAME,SATHUPALLI,SATHUPALLI
Andhra Pradesh,AC_NAME,SATTENAPALLI,SATTENAPALLI
Andhra Pradesh,AC_NAME,SATTENPALLI,SATTENAPALLI
Andhra Pradesh,AC_NAME,SATYAVEDU,SATYAVEDU
Andhra Pradesh,AC_NAME,SECUNDERABAD,SECUNDERABAD
Andhra Pradesh,AC_NAME,SECUNDERABAD CANTONMENT,SECUNDERABAD CANTONMENT
Andhra Pradesh,AC_NAME,SECUNDERABAD CANTT,SECUNDERABAD CANTONMENT
Andhra Pradesh,AC_NAME,SECUNDERABAD CANTT.,SECUNDERABAD CANTONMENT
Andhra Pradesh,AC_NAME,SECUNDERABAD CITY,SECUNDERABAD CITY
Andhra Pradesh,AC_NAME,SECUNDERBAD CANTONMENT,SECUNDERABAD CANTONMENT
Andhra Pradesh,AC_NAME,SECUNDRABAD,SECUNDERABAD
Andhra Pradesh,AC_NAME,SERILINGAMPALLY,SERILINGAMPALLY
Andhra Pradesh,AC_NAME,SHADNAGAR,SHADNAGAR
Andhra Pradesh,AC_NAME,SHAHABAD,SHAHABAD
Andhra Pradesh,AC_NAME,SHERMUHAMMADAPURAM,SHERMUHAMMADPURAM
Andhra Pradesh,AC_NAME,SHERMUHAMMADPURAM,SHERMUHAMMADPURAM
Andhra Pradesh,AC_NAME,SHUJATNAGAR,SHUJATNAGAR
Andhra Pradesh,AC_NAME,SHYAMPET,SHYAMPET
Andhra Pradesh,AC_NAME,SIDDEPET,SIDDIPET
Andhra Pradesh,AC_NAME,SIDDIPET,SIDDIPET
Andhra Pradesh,AC_NAME,SINGANAMALA,SINGANAMALA
Andhra Pradesh,AC_NAME,SINGANMALA,SINGANAMALA
Andhra Pradesh,AC_NAME,SIRCHILLA,SIRCILLA
Andhra Pradesh,AC_NAME,SIRCILLA,SIRCILLA
Andhra Pradesh,AC_NAME,SIRPUR,SIRPUR
Andhra Pradesh,AC_NAME,SIRSILLA,SIRCILLA
Andhra Pradesh,AC_NAME,SIRVAL,SIRVAL
Andhra Pradesh,AC_NAME,SITARAMBAGH,SITARAMBAGH
Andhra Pradesh,AC_NAME,SOMPARA,SOMPARA
Andhra Pradesh,AC_NAME,SOMPETA,SOMPETA
Andhra Pradesh,AC_NAME,SRI KALAHASTI,SRIKALAHASTI
Andhra Pradesh,AC_NAME,SRIKAKULAM,SRIKAKULAM
Andhra Pradesh,AC_NAME,SRIKALAHASTI,SRIKALAHASTI
Andhra Pradesh,AC_NAME,SRISAILAM,SRISAILAM
Andhra Pradesh,AC_NAME,SRUNGAVARAPUKOTA,SRUNGAVARAPUKOTA
Andhra Pradesh,AC_NAME,SRUNGAVATAPUKOTA,SRUNGAVARAPUKOTA
Andhra Pradesh,AC_NAME,SULLURPET,SULLURPETA
Andhra Pradesh,AC_NAME,SULLURPETA,SULLURPETA
Andhra Pradesh,AC_NAME,SULTAN BAZAR,SULTAN BAZAR
Andhra Pradesh,AC_NAME,SULTANABAD,SULTANABAD
Andhra Pradesh,AC_NAME,SULURPET,SULURPET
Andhra Pradesh,AC_NAME,SURYAPET,SURYAPET
Andhra Pradesh,AC_NAME,TADEPALIGUDEM,TADEPALLIGUDEM
Andhra Pradesh,AC_NAME,TADEPALLIGUDEM,TADEPALLIGUDEM
Andhra Pradesh,AC_NAME,TADIKONDA,TADIKONDA
Andhra Pradesh,AC_NAME,TADPATRI,TADPATRI
Andhra Pradesh,AC_NAME,TALLAREVU,TALLAREVU
Andhra Pradesh,AC_NAME,TANDUR,TANDUR
Andhra Pradesh,AC_NAME,TANUKU,TANUKU
Andhra Pradesh,AC_NAME,TAVANAMPALLE,TAVANAMPALLE
Andhra Pradesh,AC_NAME,TAVANMAPALLE,TAVANAMPALLE
Andhra Pradesh,AC_NAME,TEKKALI,TEKKALI
Andhra Pradesh,AC_NAME,TENALI,TENALI
Andhra Pradesh,AC_NAME,TENUKU,TANUKU
Andhra Pradesh,AC_NAME,THAMBALLAPALLE,THAMBALLAPALLE
Andhra Pradesh,AC_NAME,THERLAM,THERLAM
Andhra Pradesh,AC_NAME,THUNGATHURTHY,THUNGATHURTHY
Andhra Pradesh,AC_NAME,TIRUPATHI,TIRUPATI
Andhra Pradesh,AC_NAME,TIRUPATI,TIRUPATI
Andhra Pradesh,AC_NAME,TIRUTTANI,TIRUTTANI
Andhra Pradesh,AC_NAME,TIRUVUR,TIRUVURU
Andhra Pradesh,AC_NAME,TIRUVURU,TIRUVURU
Andhra Pradesh,AC_NAME,TIRUYUR,TIRUVURU
Andhra Pradesh,AC_NAME,TUNGATURTHI,TUNGATURTHI
Andhra Pradesh,AC_NAME,TUNI,TUNI
Andhra Pradesh,AC_NAME,UDAYAGIRI,UDAYAGIRI
Andhra Pradesh,AC_NAME,UNDI,UNDI
Andhra Pradesh,AC_NAME,UNGUTUR,UNGUTURU
Andhra Pradesh,AC_NAME,UNGUTURU,UNGUTURU
Andhra Pradesh,AC_NAME,UNUKURU,VUNUKURU
Andhra Pradesh,AC_NAME,UPPAL,UPPAL
Andhra Pradesh,AC_NAME,URAVAKONDA,URAVAKONDA
Andhra Pradesh,AC_NAME,UTTARAPALLI,UTTARAPALLI
Andhra Pradesh,AC_NAME,VADAMALPET,VADAMALPET
Andhra Pradesh,AC_NAME,VAYALPAD,VAYALPAD
Andhra Pradesh,AC_NAME,VEMSOOR,VEMSOOR
Andhra Pradesh,AC_NAME,VEMULAWADA,VEMULAWADA
Andhra Pradesh,AC_NAME,VEMUR,VEMURU
Andhra Pradesh,AC_NAME,VEMURU,VEMURU
Andhra Pradesh,AC_NAME,VENKATAGIRI,VENKATAGIRI
Andhra Pradesh,AC_NAME,VENSOOR,VEMSOOR
Andhra Pradesh,AC_NAME,VENUKONDA,VINUKONDA
Andhra Pradesh,AC_NAME,VEPANJERI,VEPANJERI
Andhra Pradesh,AC_NAME,VICARABAD,VICARABAD
Andhra Pradesh,AC_NAME,VIJAYAVADA NORTH,VIJAYAWADA NORTH
Andhra Pradesh,AC_NAME,VIJAYAWADA CENTRAL,VIJAYAWADA CENTRAL
Andhra Pradesh,AC_NAME,VIJAYAWADA EAST,VIJAYAWADA EAST
Andhra Pradesh,AC_NAME,VIJAYAWADA NORTH,VIJAYAWADA NORTH
Andhra Pradesh,AC_NAME,VIJAYAWADA SOUTH,VIJAYAWADA SOUTH
Andhra Pradesh,AC_NAME,VIJAYAWADA WEST,VIJAYAWADA WEST
Andhra Pradesh,AC_NAME,VIJAYWADA WEST,VIJAYAWADA WEST
Andhra Pradesh,AC_NAME,VIJYAVADA SOUTH,VIJAYAWADA SOUTH
Andhra Pradesh,AC_NAME,VINUKONDA,VINUKONDA
Andhra Pradesh,AC_NAME,VISAKHAPATNAM,VISAKHAPATNAM
Andhra Pradesh,AC_NAME,VISAKHAPATNAM EAST,VISAKHAPATNAM EAST
Andhra Pradesh,AC_NAME,VISAKHAPATNAM I,VISAKHAPATNAM I
Andhra Pradesh,AC_NAME,VISAKHAPATNAM I I,VISAKHAPATNAM II
Andhra Pradesh,AC_NAME,VISAKHAPATNAM II,VISAKHAPATNAM II
Andhra Pradesh,AC_NAME,VISAKHAPATNAM NORTH,VISAKHAPATNAM NORTH
Andhra Pradesh,AC_NAME,VISAKHAPATNAM SOUTH,VISAKHAPATNAM SOUTH
Andhra Pradesh,AC_NAME,VISAKHAPATNAM WEST,VISAKHAPATNAM WEST
Andhra Pradesh,AC_NAME,VISAKHAPATNAM-I,VISAKHAPATNAM I
Andhra Pradesh,AC_NAME,VISAKHAPATNAM-II,VISAKHAPATNAM II
Andhra Pradesh,AC_NAME,VIZIANAGARAM,VIZIANAGARAM
Andhra Pradesh,AC_NAME,VTZIANAGARAM,VIZIANAGARAM
Andhra Pradesh,AC_NAME,VUNUKURU,VUNUKURU
Andhra Pradesh,AC_NAME,VUYYUR,VUYYUR
Andhra Pradesh,AC_NAME,WANAKARTHI,WANAPARTHY
Andhra Pradesh,AC_NAME,WANAPARTHI,WANAPARTHY
Andhra Pradesh,AC_NAME,WANAPARTHY,WANAPARTHY
Andhra Pradesh,AC_NAME,WANPARTHI,WANAPARTHY
Andhra Pradesh,AC_NAME,WARANGAL,WARANGAL
Andhra Pradesh,AC_NAME,WARANGAL EAST,WARANGAL EAST
Andhra Pradesh,AC_NAME,WARANGAL WEST,WARANGAL WEST
Andhra Pradesh,AC_NAME,WARDHANAPET,WARDHANNAPET
Andhra Pradesh,AC_NAME,WARDHANNAPET,WARDHANNAPET
Andhra Pradesh,AC_NAME,WARDHASNNAPET,WARDHANNAPET
Andhra Pradesh,AC_NAME,WYRA,WYRA
Andhra Pradesh,AC_NAME,YAKUTPURA,YAKUTPURA
Andhra Pradesh,AC_NAME,YATKUTPURA,YAKUTPURA
Andhra Pradesh,AC_NAME,YELLAMANCHILI,YELLAMANCHILI
Andhra Pradesh,AC_NAME,YELLANDA,YELLANDA
Andhra Pradesh,AC_NAME,YELLANDU,YELLANDA
Andhra Pradesh,AC_NAME,YELLAREDDI,YELLAREDDY
Andhra Pradesh,AC_NAME,YELLAREDDY,YELLAREDDY
Andhra Pradesh,AC_NAME,YELLAVARAM,YELLAVARAM
Andhra Pradesh,AC_NAME,YEMMIGANUR,YEMMIGANUR
Andhra Pradesh,AC_NAME,YERPEDU,YERPEDU
Andhra Pradesh,AC_NAME,YERRAGCNDIPALEM,YERRAGONDAPALEM
Andhra Pradesh,AC_NAME,YERRAGONDAPALEM,YERRAGONDAPALEM
Andhra Pradesh,AC_NAME,YERRAGONDIPALEM,YERRAGONDAPALEM
Andhra Pradesh,AC_NAME,ZAHEERABAD,ZAHIRABAD
Andhra Pradesh,AC_NAME,ZAHIRABAD,ZAHIRABAD
